1|Neve|Woods|eget@cubiliaCurae.com|Jul 6, 1971|1599300233|true
2|Janna|Walker|quis@elitelitfermentum.ca|Aug 4, 1971|1534725157|true
3|Jolie|Craig|ligula.eu@aliquet.co.uk|Dec 7, 1981|1564221761|true
4|Daria|Perez|penatibus.et@consectetuercursus.net|Oct 19, 1979|1560815636|true
5|Acton|Pitts|Nunc.quis.arcu@pretiumneque.org|Nov 6, 1986|1532799850|false
6|Colby|Winters|in.tempus.eu@vel.org|May 23, 1988|1583641915|false
7|Allegra|Ortega|nisi.Dum.sociis@ategestasa.co.uk|Dec 10, 1969|1609210804|false
8|Erich|Mcclain|varius.orci@parturientmontesnascetur.edu|Aug 28, 1968|1545378403|false
9|Jonas|Hewitt|arcu.Vestibulum.ut@Phasellusfermentumconvallis.edu|Oct 4, 1996|1579712218|false
10|Farrah|Gould|scelerisque.scelerisque.dui@fringilla.net|Jun 26, 1993|1572012900|false
11|Dacey|Pruitt|accumsan.neque.et@lacusUtnec.ca|Dec 16, 1983|1572013900|false
12|Nelle|Terry|posuere.vulputate.lacus@dictum.net|Aug 20, 1973|1555932871|true
13|Cally|Ingram|mi.pede.nonummy@Quisque.net|Apr 30, 1960|1603945565|true
14|Kennan|Leach|dapibus.quam.quis@sapien.co.uk|Dec 13, 1986|1540848316|true
15|Knox|Mullen|semper.dui.lectus@turpisIn.com|Dec 16, 1995|1548715012|true
16|Chastity|Brewer|ornare@velfaucibusid.edu|Sep 6, 1967|1558865475|false
17|Julian|Walters|tellus.Phasellus@semutdolor.edu|Jun 22, 1960|1550800685|false
18|Valentine|Britt|Praesent@erosturpis.ca|Dec 20, 1965|1534846536|false
19|Fatima|Nielsen|iaculis.aliquet@lobortisnisinibh.co.uk|Aug 11, 1997|1596690214|false
20|Liberty|Moody|augue.ut@duinec.ca|Jul 20, 1998|1540016618|true
21|Ori|Lane|Sed@nonegestas.ca|Apr 9, 1982|1565797360|true
22|Kameko|Kramer|sed.est@mauris.com|Jul 16, 1975|1572708578|true
23|Geoffrey|Gilmore|Mauris.blandit.enim@cursus.edu|Dec 4, 1965|1575028702|true
24|Brittany|Walters|a@urnaVivamusmolestie.co.uk|Aug 23, 1982|1585959075|true
25|Margaret|Hester|eget@Lorem.co.uk|Dec 27, 1965|1524575889|true
26|Shafira|Morin|Donec@dictumeu.ca|Apr 21, 1987|1519319115|true
27|Alyssa|Jordan|Nunc@dolortempus.org|Feb 11, 1963|1596183737|true
28|Preston|Bradford|turpis.nec@sitamet.com|Jan 5, 1977|1589167225|true
29|Yvonne|Wheeler|mauris.eu@Curae.edu|Dec 2, 1971|1578379237|false
30|Hiroko|Pittman|purus@eudui.ca|May 4, 1972|1539966464|false
31|Brittany|Hahn|Lorem@Integertinciduntaliquam.ca|Feb 29, 1960|1536379167|true
32|Alfonso|Ramos|ligula.consectetuer.rhoncus@Namacnulla.org|Oct 1, 1980|1576724377|false
33|Bo|Cochran|congue.In@luctusCurabituregestas.co.uk|Feb 1, 1991|1591196409|false
34|Ronan|Abbott|risus.Morbi.metus@necmauris.edu|Aug 29, 2000|1541646314|false
35|Elton|Lynn|accumsan.laoreet.ipsum@utquam.ca|Feb 4, 1984|1569433902|false
36|Amber|Lester|risus.at@Crasegetnisi.org|Dec 30, 1996|1525757391|false
37|Michelle|Harris|arcu@sitamet.net|Sep 14, 1981|1537605134|false
38|Jorden|Orr|ullamcorper@nulla.com|Apr 14, 1974|1595663810|true
39|Wyatt|Harrell|mauris@eros.co.uk|Feb 12, 1989|1537719284|false
40|Merritt|Knox|eu.turpis@at.com|Jul 18, 1989|1607670132|true
41|Evan|Figueroa|lacinia.orci@maurisidsapien.org|Apr 3, 1998|1551261680|false
42|Mariko|Collier|mauris.eu@fermentumfermentum.ca|Mar 6, 1976|1557625734|true
43|Zia|Donovan|rutrum.non@Duisdignissimtempor.com|Aug 3, 1981|1613464537|false
44|Olympia|Bush|non.dui.nec@sagittissemper.com|Aug 7, 1999|1594415556|true
45|Mira|Greer|aliquet.lobortis.nisi@arcuvel.org|Nov 2, 1970|1532448248|true
46|Ila|Vaughn|egestas.Aliquam@vitaealiquet.co.uk|Dec 23, 1977|1609295860|false
47|Merrill|Wheeler|nonummy.ut.molestie@Nuncuterat.co.uk|Nov 14, 1980|1577125751|false
48|Florence|Castro|congue@aliquameuaccumsan.com|Apr 1, 1989|1566189469|true
49|Cecilia|Brooks|elit.a@Quisque.ca|Oct 25, 2000|1575252610|true
50|Ora|Blanchard|iaculis@imperdietornareIn.net|Aug 3, 1995|1555620680|true
51|Eaton|Larson|odio.Nam@commodotincidunt.com|Mar 17, 1995|1573286287|false
52|Lee|Eaton|Duis@egestasDuis.co.uk|Jun 3, 1968|1589523168|false
53|Keely|Young|quis.diam@amet.edu|Jul 15, 1995|1519220043|true
54|Maisie|Mayer|pede@elit.net|May 2, 1970|1604815161|false
55|Nadine|Pratt|purus@veliteget.net|May 20, 1979|1602897059|true
56|Shea|Martinez|eget.ipsum.Suspendisse@urnaUttincidunt.edu|Aug 14, 1977|1578843022|false
57|Tanek|Frye|Fusce@blandit.net|May 16, 1991|1604413592|false
58|Anjolie|French|a.facilisis@quamquis.net|Mar 24, 1984|1592739007|false
59|Rebekah|Estrada|turpis.In.condimentum@semvitaealiquam.ca|Jul 24, 1975|1575955153|false
60|Alisa|Mcclain|lobortis.nisi@consectetuer.ca|Mar 12, 1996|1545783087|false
61|Virginia|Frazier|felis.orci@erat.com|Feb 28, 1982|1527869487|false
62|Ulysses|Carrillo|In.ornare.sagittis@Pellentesqueutipsum.co.uk|Apr 12, 1985|1574383361|true
63|Belle|Taylor|aliquet@nisi.net|Apr 1, 1985|1548142916|true
64|Wyatt|Banks|neque.sed@pede.org|Dec 10, 1991|1538683372|true
65|Renee|Jackson|odio@Vestibulum.ca|Feb 18, 1973|1524061308|true
66|Ryan|Skinner|eget@mollisduiin.org|Aug 20, 1980|1562089603|true
67|Geraldine|Holloway|porttitor.tellus@antedictum.org|Dec 16, 1961|1562357450|false
68|Ulric|Best|senectus.et.netus@lorem.com|May 17, 1983|1528429277|true
69|Joel|Irwin|eros.non.enim@loremfringilla.net|Jun 9, 1975|1612780419|true
70|Donna|Jacobs|arcu.et.pede@consequat.ca|Mar 10, 1986|1534781401|true
71|Halee|Hays|sem.Nulla@non.co.uk|Sep 28, 1960|1548823003|true
72|Raven|Dudley|porttitor@veliteusem.net|Oct 9, 2000|1560196493|true
73|Emery|Estes|vitae.diam@auctornunc.edu|Jun 22, 1990|1518010706|false
74|Nita|Faulkner|vitae@ac.co.uk|Jul 29, 1975|1608458961|true
75|Carter|Galloway|ac@aliquameuaccumsan.co.uk|Apr 28, 1985|1580066999|false
76|Derek|Barnes|ipsum.Phasellus@Aliquamornare.org|Jan 30, 1994|1533005936|true
77|Walter|Duncan|Cras.eget@Duismi.ca|Feb 16, 1972|1548164105|false
78|Xenos|Park|eu@egestasadui.edu|Jan 12, 1967|1540923500|true
79|Emerson|Morrow|luctus.vulputate@egetlaoreet.com|Aug 26, 1960|1565419514|true
80|Celeste|Graham|vitae.diam.Proin@Proinvel.com|May 30, 1972|1567986504|false
81|Glenna|Johnson|odio.auctor@at.ca|Feb 21, 2002|1580810003|false
82|Petra|Delgado|arcu.Aliquam.ultrices@Maecenas.co.uk|Nov 11, 1984|1553295470|true
83|Sybil|Noel|ultricies@posuerecubiliaCurae.co.uk|Jan 5, 1966|1565299699|false
84|Callum|Wolf|non.massa@malesuadaaugue.co.uk|Sep 22, 1961|1550768482|true
85|Remedios|Howe|odio.sagittis.semper@sapienNunc.ca|May 26, 1969|1530750068|true
86|Chloe|Douglas|Aenean.eget.metus@metuseuerat.com|Jul 14, 1967|1563978151|false
87|Perry|Blake|aliquam.eu.accumsan@Morbi.co.uk|Feb 16, 1997|1612460934|false
88|Lani|Holman|neque.Nullam.nisl@posuerecubilia.edu|Mar 26, 1995|1542492391|false
89|Paula|Dotson|Nullam.ut@lacus.com|Apr 8, 1995|1585921924|false
90|Todd|Sexton|quam@magnis.edu|May 1, 1961|1529776276|false
91|Chelsea|Gregory|Mauris.vel.turpis@urna.net|May 16, 1961|1534055807|true
92|Moana|Bryan|sit.amet.risus@hendrerit.org|Aug 20, 1981|1523671365|true
93|Thane|Solis|aptent.taciti.sociosqu@eleifend.org|Jan 26, 1969|1552960417|false
94|Zoe|Wells|sit.amet@fringillaestMauris.co.uk|Nov 3, 1995|1543263713|true
95|Kaitlin|Silva|posuere.at.velit@ultricesiaculisodio.ca|Oct 7, 1978|1550830479|true
96|Emi|Fitzpatrick|Cras.dolor@nonummyultriciesornare.com|Aug 15, 1973|1568159098|true
97|Josephine|Black|magnis.dis@eu.ca|May 3, 1999|1556167200|false
98|Genevieve|Fox|libero@ipsumCurabitur.net|Aug 21, 1979|1519778363|true
99|Azalia|Leonard|a.aliquet.vel@vitaeerat.edu|Feb 9, 1994|1534511688|true
100|Anjolie|Kelley|non.bibendum.sed@Vivamusnon.net|Dec 21, 1989|1551010725|true
101|Reece|Lyons|luctus.aliquet.odio@non.org|Apr 3, 1977|1592508969|false
102|Xanthus|Turner|risus@Nullaeget.ca|Dec 5, 1993|1528784122|true
103|Amery|Compton|Nam.porttitor@Etiambibendumfermentum.org|May 22, 1966|1573705175|true
104|Kasper|Skinner|magna.Nam@vehicula.ca|Oct 28, 1992|1548107787|false
105|Azalia|Little|dolor.dolor@aarcuSed.net|Apr 26, 1985|1611249174|true
106|Katell|Osborn|placerat.Cras@ametrisus.ca|Apr 11, 1978|1523354553|true
107|Alana|Galloway|pede.Cum@nec.net|Dec 9, 1977|1597691428|true
108|Nash|Scott|magna.Suspendisse.tristique@nullaIntincidunt.net|Nov 5, 1982|1612831975|true
109|Zachery|Simon|magnis@tempuseu.net|Jan 11, 1991|1534667288|true
110|Jorden|Sanford|elit.sed.consequat@adipiscing.net|May 31, 1982|1605585930|true
111|Lyle|Lynch|a@eulacusQuisque.ca|Sep 24, 1963|1594810316|true
112|Brittany|Bright|lacus.Cras.interdum@velit.net|Nov 28, 1973|1573986285|false
113|Beck|Sutton|amet@NullafacilisiSed.ca|Aug 20, 1964|1563893742|false
114|Sade|Ellison|ipsum.leo.elementum@arcuSed.org|May 30, 1981|1522382281|false
115|Kristen|Forbes|vel.turpis.Aliquam@feugiat.com|May 8, 1974|1581362937|false
116|Maris|Reese|a.dui@consequat.ca|Jan 11, 1988|1559490389|false
117|Bradley|Lamb|enim@malesuadaid.edu|Aug 11, 1982|1540646030|false
118|Maggy|Whitfield|hendrerit.neque@eget.org|Jan 27, 1983|1534048477|true
119|Oren|Warren|Phasellus@dolor.edu|Feb 16, 1991|1596259837|true
120|Dalton|Velez|Donec.est@risusNunc.edu|Feb 6, 1962|1570667456|false
121|Roary|Jackson|torquent.per@pede.net|Oct 13, 1968|1530773445|false
122|Basil|Dotson|massa.Vestibulum.accumsan@quis.org|Aug 7, 1994|1571678766|true
123|Cadman|Todd|faucibus@orciDonecnibh.com|Jun 8, 1982|1590623273|false
124|Jayme|Brock|faucibus.lectus.a@musAenean.net|Feb 25, 1990|1606687345|false
125|Ava|Church|lectus.sit.amet@sitamet.ca|Feb 5, 1992|1594998955|true
126|Caesar|Hess|neque@Sedetlibero.org|Jan 15, 1962|1569475076|true
127|Gail|Hammond|convallis.dolor.Quisque@dui.com|Jun 25, 1986|1540584461|true
128|Oren|Tyson|Nullam.enim@egetmagnaSuspendisse.com|Mar 23, 1990|1573271107|true
129|Ina|Taylor|id.blandit@tempor.net|Mar 6, 1976|1565307415|true
130|Joseph|Oneil|rutrum.Fusce.dolor@turpis.net|Jan 14, 1997|1567572295|true
131|Vernon|Caldwell|pretium.et@consequatpurusMaecenas.com|Jun 11, 1961|1598177599|true
132|Carla|Barry|mollis@eutemporerat.net|Oct 24, 2000|1557158311|false
133|Kareem|Underwood|per.inceptos@sit.edu|Feb 7, 1964|1544891918|true
134|Samuel|Conley|elit.pellentesque@DonecfringillaDonec.ca|Jun 26, 1986|1519883204|false
135|Elizabeth|Hensley|ante.dictum@sapien.net|Jun 12, 1960|1585697434|true
136|Alvin|Roberts|diam.at.pretium@hendreritidante.edu|Dec 22, 1979|1548833141|true
137|Lamar|Abbott|a@Etiam.org|Nov 22, 1976|1542608844|true
138|Barrett|Peck|vulputate.posuere@inhendreritconsectetuer.com|Feb 10, 1979|1523952123|false
139|Elvis|Brooks|iaculis@cursusetmagna.com|Jun 12, 1984|1592274242|true
140|Abbot|Banks|ante@neque.co.uk|Aug 16, 1981|1534865968|true
141|Illana|Johns|sed.hendrerit@sitametultricies.co.uk|Aug 27, 1965|1546017422|false
142|Hollee|Strong|Praesent.eu.nulla@ullamcorpereueuismod.co.uk|Jul 27, 1995|1568569360|false
143|Matthew|Edwards|risus.varius@sollicitudinamalesuada.org|Apr 17, 1978|1534792851|false
144|Bradley|Wilkins|turpis.In.condimentum@tacitisociosqu.org|Apr 27, 1973|1562594937|true
145|Hilda|Davis|morbi.tristique@Nunc.ca|Oct 16, 1970|1575681567|false
146|Ariel|Chen|Donec.luctus.aliquet@Phasellusvitaemauris.ca|Sep 25, 1962|1572202754|true
147|Abdul|Murray|a@necligula.net|May 4, 2001|1607983667|true
148|Amal|Byrd|libero.lacus.varius@venenatis.edu|Feb 9, 1981|1540077113|true
149|Zia|Mcleod|erat.vitae.risus@necquam.ca|Oct 13, 1989|1543575290|false
150|Felicia|Wallace|facilisis@interdumfeugiatSed.org|Aug 5, 1997|1555872451|false
151|Keefe|Hanson|purus.accumsan@ligulaDonec.net|Nov 30, 1965|1603080948|false
152|Venus|Olsen|Suspendisse@nisiCum.com|Dec 16, 1977|1528647942|true
153|Joshua|Berg|cursus@commodoatlibero.co.uk|Oct 26, 1980|1525075641|true
154|Samson|Griffin|feugiat.nec.diam@magnanecquam.com|Oct 6, 1961|1613473540|true
155|Beau|Black|nec.mollis.vitae@dictumeu.edu|May 9, 1970|1611277133|true
156|Sloane|Mckay|fringilla@anuncIn.com|May 29, 1964|1603398617|true
157|Tyler|Juarez|felis.eget.varius@consectetueradipiscingelit.ca|Feb 11, 1974|1580222225|false
158|Ethan|Woodward|habitant.morbi.tristique@metuseuerat.net|Nov 2, 1973|1530262556|false
159|Dean|Cain|Sed.nec@augueSedmolestie.co.uk|Oct 6, 1986|1589815591|false
160|Casey|Owens|nulla.ante@disparturient.co.uk|Jun 26, 1970|1583183871|true
161|Plato|Carey|mi.ac@sitamet.edu|Oct 31, 1985|1532044288|true
162|Graiden|Suarez|Aliquam@fringillaeuismodenim.net|Mar 22, 1983|1555653209|true
163|Troy|Mcdonald|egestas@sedest.ca|Sep 3, 1979|1574131504|false
164|Amelia|Tillman|id@non.co.uk|Sep 10, 1975|1588976774|false
165|Aristotle|Crawford|In@Integereulacus.edu|Jun 14, 1999|1533147867|false
166|Pearl|Haley|suscipit.nonummy@velfaucibus.co.uk|Oct 24, 1982|1590454906|false
167|Russell|Powell|mi@arcuSedet.ca|Aug 23, 1973|1523455636|true
168|Shelby|Herman|diam.nunc@vulputate.com|Feb 15, 1987|1607633194|true
169|May|Mcpherson|Fusce@Morbinon.net|Feb 13, 1978|1598076297|false
170|Urielle|Odom|ipsum@dapibus.edu|Sep 7, 1960|1540731090|true
171|Len|Blevins|sed@imperdiet.net|May 27, 1977|1548088164|false
172|Vladimir|Chen|orci@porttitortellusnon.co.uk|Sep 21, 1982|1519469581|true
173|Isaac|Cunningham|Cras.vulputate@libero.ca|Aug 16, 1991|1534594528|false
174|Mercedes|Blake|vel@vulputatenisisem.org|Jul 19, 1999|1548521966|true
175|Burke|Stark|nisl.arcu@tortorIntegeraliquam.edu|May 23, 1998|1524685932|false
176|Nyssa|Lucas|vitae.odio.sagittis@posuereenimnisl.ca|Feb 19, 1998|1543336003|false
177|Gwendolyn|Merritt|dui@aultricies.co.uk|Aug 20, 1967|1610974526|false
178|Cruz|Odom|mauris.sagittis@Pellentesque.ca|Oct 14, 1995|1565246135|true
179|Aphrodite|Ray|et.arcu@Phasellusat.ca|Oct 19, 1991|1600959524|true
180|Keefe|Campbell|purus@Sedmalesuadaaugue.com|Jul 20, 1990|1600016110|false
181|Zelenia|Ortega|est.arcu.ac@nullaCras.org|Dec 26, 1992|1597775252|false
182|Beatrice|Jimenez|pede@posuerecubilia.ca|Apr 24, 1973|1595391162|false
183|Emmanuel|Barry|Vestibulum@Integersem.net|Jun 6, 1988|1600019487|false
184|Graiden|Underwood|Donec@nonjusto.org|Jul 22, 2001|1590810006|false
185|Leroy|Maxwell|mus.Donec@erosNamconsequat.org|Jul 8, 2001|1557554665|false
186|Sydnee|Nash|adipiscing.elit@vulputateullamcorpermagna.com|Dec 25, 1981|1584835607|true
187|Murphy|Nichols|velit@ornareFuscemollis.co.uk|Apr 3, 1977|1563519950|false
188|Trevor|Macdonald|odio@mattisCraseget.net|Jun 25, 1982|1536017160|false
189|Nicholas|Garrison|lacus@metusurna.com|Apr 28, 1988|1562984931|true
190|Neville|Patton|pretium.neque.Morbi@ut.edu|May 8, 2002|1549766267|true
191|Anthony|Burgess|sociis.natoque.penatibus@aliquetnecimperdiet.com|Nov 20, 1984|1554424730|false
192|Sasha|Small|vitae@In.net|Apr 24, 1992|1603643463|true
193|Adrienne|Sanchez|est.vitae@tristiquesenectus.org|Nov 28, 1999|1545286484|true
194|Salvador|Cross|ornare.lectus.ante@massaSuspendisseeleifend.co.uk|Feb 3, 1975|1551222579|true
195|Stella|Morse|nec.euismod.in@cursuset.com|Jul 3, 1983|1611120745|true
196|Ishmael|Trevino|mauris.sit@ipsumportaelit.net|Sep 14, 2000|1555658451|true
197|Mara|Ratliff|a.arcu@vitaeodio.org|Apr 3, 1964|1534107131|true
198|Sonya|Norton|at.augue@Sedeu.com|Aug 4, 1983|1525986060|true
199|Candice|Weber|rhoncus.id@Praesenteu.ca|May 28, 1960|1595168257|true
200|Wyatt|Sanchez|pellentesque.tellus@eleifendvitaeerat.org|Jul 19, 1961|1569008600|true
201|Nita|Hendricks|arcu.Vestibulum@Proindolor.edu|Dec 6, 1990|1598068185|false
202|Joshua|Downs|id.ante@ac.ca|Jun 25, 2001|1573395998|false
203|Hector|Stanley|mauris.aliquam.eu@arcuVestibulum.co.uk|Mar 18, 1995|1594914784|false
204|Jakeem|Boyd|Vestibulum.ante@Quisque.ca|Feb 2, 1978|1542725338|false
205|Cole|Barrera|elit.pellentesque.a@duiSuspendisseac.com|Nov 11, 1978|1592265511|false
206|Lee|Wong|magna.a.neque@Suspendissenon.edu|Apr 19, 1964|1544605444|true
207|Maisie|Santana|semper.dui.lectus@elementumsemvitae.co.uk|Mar 13, 1994|1521428729|false
208|Xanthus|Chen|Quisque@arcueuodio.edu|Sep 18, 1990|1593639295|true
209|Rahim|Knapp|amet.diam.eu@aliquam.ca|Nov 7, 1975|1589760161|true
210|Channing|Brooks|enim.commodo@sedsapien.com|Feb 17, 1960|1549777831|false
211|Felix|Strong|tristique.pharetra.Quisque@elitfermentumrisus.net|Apr 10, 1961|1572148651|true
212|Holmes|Patel|mollis.dui@laoreet.ca|Apr 11, 1995|1527735296|false
213|Upton|Matthews|consectetuer.mauris.id@acfeugiat.ca|Aug 21, 1973|1541958236|true
214|Lacy|Kent|venenatis.lacus@rutrum.co.uk|May 15, 1961|1551882456|true
215|August|Dickerson|sed.facilisis@auctorullamcorper.com|May 25, 1965|1557296832|true
216|Amber|Christensen|risus@CrasinterdumNunc.ca|Feb 19, 1963|1557509263|true
217|Shelly|Avila|non.dui@rutrumnon.com|Nov 6, 1967|1595491859|true
218|Patience|Harrell|Integer.tincidunt.aliquam@in.edu|Apr 19, 1993|1606320155|true
219|Guinevere|Holt|molestie@Nuncpulvinar.co.uk|Jul 19, 1966|1605845329|true
220|Riley|Bentley|nisl@lobortis.org|Nov 11, 1976|1593410927|true
221|Celeste|Andrews|rhoncus.Donec.est@Nulla.net|Feb 13, 1996|1571563559|true
222|Alvin|Cooke|at.lacus.Quisque@velfaucibusid.ca|Jun 22, 1992|1560589135|true
223|Galena|Walters|nunc@placeratvelitQuisque.com|Nov 18, 1987|1576255928|false
224|Quail|Lucas|diam.dictum.sapien@Donecporttitortellus.org|Jul 26, 1976|1521353043|false
225|Orson|Chan|ridiculus.mus@Lorem.com|Jan 23, 1965|1589156542|true
226|Troy|Figueroa|in.consequat@ettristique.edu|Dec 23, 1994|1593244282|false
227|Chelsea|Knowles|Sed.neque@Infaucibus.co.uk|Apr 26, 1992|1531500215|true
228|Athena|Wolf|at.egestas.a@sed.ca|Nov 19, 1975|1565927490|false
229|Leo|May|molestie@Aeneanegetmetus.com|Sep 24, 1990|1530995091|true
230|Melodie|Stafford|vehicula.Pellentesque@auguemalesuadamalesuada.edu|Nov 20, 1963|1582778833|true
231|Chanda|Kramer|posuere.vulputate@sollicitudinamalesuada.co.uk|Aug 17, 1985|1524505696|false
232|Jonah|Beck|sapien.Aenean@Pellentesquehabitant.com|Mar 8, 1993|1587437081|false
233|Kieran|Mcintosh|eget.ipsum@neceleifend.com|Jan 2, 1967|1536972064|true
234|Gavin|Mann|egestas.a@pedeac.edu|May 7, 1992|1578661547|true
235|Azalia|Dale|blandit.viverra.Donec@massaSuspendisse.co.uk|Mar 13, 1972|1597808014|true
236|Reese|Dunn|non.lobortis.quis@malesuadavel.co.uk|Apr 17, 1982|1581362058|false
237|Karina|Chan|mollis.Duis@vulputaterisus.ca|Mar 18, 1983|1559242075|false
238|Aphrodite|Stein|malesuada@ligula.edu|May 21, 1976|1591842788|false
239|Marshall|Herman|eget.metus@convallisligula.ca|Feb 11, 1969|1605354215|true
240|Jermaine|Davenport|nisi.Mauris@lectusCumsociis.org|Oct 1, 1965|1590394503|false
241|Damon|Mann|mauris.eu.elit@vestibulum.edu|Jan 26, 1979|1565540067|false
242|Olivia|Booker|Donec.non@ridiculusmusAenean.com|Nov 12, 2000|1524065350|false
243|Dexter|Fulton|nulla.Donec@at.edu|Dec 16, 1982|1595446605|false
244|Ella|Moss|eget.tincidunt@Duissit.co.uk|Nov 8, 1992|1596961931|false
245|Quinlan|Shepard|semper.erat.in@amagnaLorem.com|Mar 11, 1961|1541561119|true
246|Martin|Kline|vel@ipsumacmi.edu|Mar 26, 1987|1530283044|false
247|Ferdinand|Gaines|a.dui.Cras@rhoncusProin.co.uk|Dec 7, 1999|1567771714|true
248|Raphael|Calderon|ipsum.dolor.sit@Donecnon.edu|Jan 22, 1987|1545440606|false
249|Harper|Carter|dictum@facilisisnonbibendum.net|May 1, 1973|1604296937|true
250|Jael|Vega|dictum.placerat@liberoDonecconsectetuer.ca|Sep 1, 1969|1565464854|false
251|Gage|Barrera|vulputate.velit.eu@eteuismod.org|Jul 11, 1991|1585919551|true
252|Nicole|Woods|neque.non.quam@est.org|Dec 27, 1979|1557610323|true
253|Kessie|Adkins|blandit.mattis@quamquis.org|Jun 26, 1973|1582199065|false
254|Cassady|Avila|Suspendisse.ac@parturientmontesnascetur.com|Feb 22, 1992|1518752124|false
255|Ulla|Barnes|ante.bibendum.ullamcorper@Etiam.net|Sep 10, 1972|1552930799|false
256|Mark|Nieves|neque.Nullam@lobortis.ca|Mar 5, 1991|1583436636|true
257|Price|Hancock|Aliquam.vulputate@nibhenim.edu|Mar 25, 1972|1562172995|false
258|Meghan|Gordon|amet.risus.Donec@senectus.edu|Jun 14, 1988|1586822066|false
259|Lacy|Burton|ornare.placerat.orci@metus.net|Nov 10, 1983|1521537310|false
260|Dieter|Weeks|diam.Proin@nonummyacfeugiat.org|Mar 23, 1969|1530812826|true
261|Quon|Simmons|pede.Cum@purus.edu|Feb 11, 2000|1538985046|false
262|Blair|Sanders|est.vitae@eumetusIn.co.uk|Jun 4, 1969|1552627703|false
263|Brandon|Benson|sagittis@odiosemper.net|Sep 18, 1984|1579107471|true
264|Malachi|Cote|felis.Nulla@metusurnaconvallis.org|Jul 23, 1991|1566343806|false
265|Beau|Rodgers|Aenean.gravida.nunc@etmalesuada.org|Nov 3, 1972|1586528886|false
266|Rowan|Rollins|velit@imperdietnecleo.edu|Jul 5, 1962|1609024007|false
267|Teagan|Mckay|Etiam.imperdiet@feugiattelluslorem.co.uk|Aug 27, 1961|1532448314|true
268|Drake|Wright|primis.in.faucibus@dignissimlacusAliquam.edu|Aug 22, 1977|1583591408|false
269|Byron|William|sapien@molestieintempus.ca|Mar 31, 1980|1525886937|true
270|Jorden|Kelley|luctus.sit.amet@porttitortellus.org|May 1, 1993|1592613201|false
271|Regan|Bradley|fringilla@egetipsumSuspendisse.edu|Jan 4, 1975|1579567637|false
272|Priscilla|Ewing|Mauris.ut@acfermentumvel.org|Dec 9, 1973|1575007547|true
273|Charles|Mays|urna.Ut@eu.com|Aug 24, 1981|1557758813|false
274|Francis|Mcpherson|ante.Maecenas.mi@eleifend.org|Jun 8, 1971|1597640481|true
275|Serena|Valdez|diam.lorem.auctor@consequatdolorvitae.ca|Aug 14, 1967|1521952516|true
276|Dacey|Hatfield|purus@taciti.org|Nov 2, 1962|1552259978|false
277|Candice|Alvarez|vitae.semper.egestas@egestasligulaNullam.edu|Aug 14, 1980|1602062561|false
278|Amery|Colon|Aliquam@quis.com|Apr 9, 1999|1573309497|false
279|Lesley|Reyes|arcu@lectusCum.org|Aug 4, 1976|1591501474|true
280|Haviva|Howe|non.dui@cursusdiam.ca|Apr 30, 1987|1553892259|false
281|Forrest|Drake|egestas.Duis@Phaselluselitpede.ca|Jul 25, 1998|1587902321|false
282|Jin|Garrett|ultrices@liberolacus.net|May 5, 1984|1578081186|true
283|Adrian|Peck|mi.ac.mattis@tempor.edu|Jan 11, 1976|1595858672|false
284|Hashim|Wood|suscipit@Pellentesque.co.uk|Jul 17, 2001|1521192506|false
285|Leah|Holloway|sem@Crasvehicula.edu|Oct 8, 1999|1595697824|true
286|Tatiana|Hardin|elit.Etiam@dolorvitae.edu|Nov 26, 1960|1550885138|true
287|Sasha|Kent|commodo.ipsum.Suspendisse@euismod.com|Feb 26, 1977|1528416433|true
288|Wanda|Good|magna@loremDonecelementum.edu|Jun 1, 1989|1592254905|false
289|Reuben|Miller|nisi.dictum@ante.com|Jan 3, 2000|1585528700|false
290|Anika|Stuart|ac@dictum.ca|Nov 9, 1999|1597404364|false
291|Rhiannon|Wright|orci.luctus@dolorFuscemi.edu|Jul 1, 1996|1603216443|false
292|Hedwig|Velasquez|Morbi.non.sapien@acmattisvelit.org|Aug 21, 1973|1602363775|false
293|Sharon|Galloway|diam@fermentumrisusat.ca|Dec 18, 1994|1521761065|false
294|Harrison|Brooks|elementum.purus.accumsan@egetmetus.ca|Apr 4, 1996|1546077854|true
295|Lawrence|Maynard|ornare.facilisis.eget@Aeneangravidanunc.com|Nov 16, 1969|1564567645|true
296|Ainsley|Jefferson|scelerisque@placeratCrasdictum.com|Apr 30, 1978|1531118684|false
297|Chester|Flores|mus.Aenean@sitamet.co.uk|May 4, 1988|1606552267|true
298|Kimberley|Morrison|Aenean.eget.metus@est.org|Sep 6, 1995|1539294119|true
299|Wade|Powell|ullamcorper.velit.in@turpisnonenim.net|Aug 5, 1999|1594228947|true
300|Jin|Clay|nisl.elementum@eget.org|Jul 17, 2000|1565740020|true
301|Uriel|Woods|ipsum.Suspendisse.sagittis@lectuspede.ca|Jun 24, 1979|1563247177|false
302|Callie|Whitehead|Donec.fringilla.Donec@augueeutellus.edu|Feb 15, 1962|1552357834|false
303|Serina|Lane|vehicula@vehiculaaliquetlibero.org|Jul 28, 1995|1597600302|true
304|Dolan|Levy|Ut.tincidunt@dapibusquamquis.co.uk|Dec 14, 1964|1576022641|true
305|Charlotte|Rodgers|Nulla.dignissim@vulputateullamcorper.com|Nov 28, 1998|1552431862|true
306|Felicia|Riddle|aliquam@semperauctor.co.uk|Sep 10, 1988|1592835330|false
307|Merritt|Frederick|tortor@rutrumnon.edu|Nov 22, 1961|1557639929|true
308|Judah|Gilbert|sodales@quamPellentesquehabitant.org|Mar 30, 1973|1603807733|false
309|Ryder|Pierce|sagittis@Inscelerisquescelerisque.edu|Oct 7, 2000|1582020259|false
310|Ross|Cline|a.nunc@aliquetlobortisnisi.co.uk|Mar 10, 1990|1528248204|true
311|Olga|Cleveland|ipsum.dolor@Incondimentum.org|Apr 29, 1967|1568935605|false
312|Keaton|Alvarez|accumsan@Cras.com|Oct 15, 2000|1580843515|false
313|Ira|Fuentes|Quisque.nonummy@dignissimpharetra.com|Jun 11, 1995|1523113430|true
314|Lucius|Kirby|Etiam@temporaugueac.edu|Jul 23, 1988|1546612545|true
315|Karina|Ruiz|Sed.pharetra.felis@lorem.org|Sep 16, 1973|1578309354|false
316|Eugenia|Heath|mi.pede.nonummy@luctus.ca|Jan 28, 1977|1582661735|false
317|Orli|Mcmahon|risus.Morbi.metus@non.org|Jul 1, 1988|1527809757|true
318|Karly|Garner|purus.Nullam@atsem.com|May 20, 1999|1545450199|false
319|Travis|Whitfield|turpis.Aliquam@sed.org|Jun 15, 1991|1518634150|false
320|Nathaniel|Bradshaw|et.rutrum.eu@tristiquesenectus.ca|Sep 19, 1973|1519631582|true
321|Idona|Moore|Duis.risus.odio@ligula.com|Jan 15, 1961|1555266498|false
322|Ori|Estes|Integer.sem.elit@Duis.org|Aug 26, 1983|1526891233|false
323|Colleen|Wilkinson|molestie@Lorem.net|Mar 13, 1966|1611690267|true
324|Whoopi|Anthony|tincidunt@sempercursusInteger.ca|Feb 13, 1988|1555976139|false
325|Gareth|Mann|massa.non@tellus.com|Sep 30, 1992|1596035357|false
326|Yoko|Odom|Maecenas@fermentum.com|Feb 14, 1986|1522781058|true
327|Joshua|Spence|felis.orci@Donecnibh.org|Feb 3, 1983|1591767814|true
328|Colette|Morin|ornare.lectus.ante@risus.ca|Jul 30, 1985|1563640266|false
329|Hayes|Lott|semper.egestas.urna@ornare.ca|Apr 12, 1978|1536454034|true
330|Daphne|Mckenzie|vel.pede.blandit@vitaeerat.net|Feb 27, 1963|1604909426|false
331|Boris|Nash|aliquet.metus.urna@Aliquameratvolutpat.org|Dec 18, 1961|1582571113|true
332|Abra|Shelton|risus.varius@Aliquam.edu|Jul 23, 1994|1593255360|false
333|Maris|Chan|pede@nisidictum.com|Jan 23, 1998|1557245053|false
334|Vincent|Chang|enim@gravidanuncsed.com|Oct 8, 1979|1599043910|true
335|Xerxes|Dotson|turpis.non@vehicularisus.com|Aug 8, 1973|1594714396|true
336|Bevis|Higgins|Nullam@Cras.ca|Jan 4, 2001|1603137017|false
337|Brenna|Hoover|ipsum.primis@facilisisSuspendisse.ca|Aug 4, 1969|1580505064|false
338|Dennis|Decker|non.dapibus@Nuncullamcorpervelit.ca|Sep 7, 1960|1521695044|false
339|Yuri|Conner|malesuada@semper.org|Dec 2, 1977|1533849897|false
340|Dai|Olson|cursus.in@massaQuisqueporttitor.co.uk|Feb 25, 1993|1613962277|false
341|Lesley|Bell|dictum.placerat@vitaepurusgravida.net|Jun 14, 1980|1519141403|false
342|Salvador|Humphrey|at.velit@sed.edu|Jan 27, 1977|1542186390|true
343|Evelyn|Ware|malesuada@lobortis.edu|Apr 13, 1987|1555296751|true
344|Stuart|Flowers|ultricies.adipiscing@luctus.ca|May 17, 1974|1571115644|true
345|Miranda|Gill|mollis.Integer@dui.edu|Jun 13, 1979|1600825193|true
346|Ava|Kennedy|a@dui.net|Aug 16, 1989|1589312977|true
347|Patience|Sharp|Mauris@vehiculaPellentesque.org|Dec 19, 1981|1539809597|false
348|Hermione|Carr|tellus.Phasellus.elit@sollicitudin.edu|Jan 5, 1961|1607649117|false
349|Stacy|Sears|Curabitur@tellus.edu|Jan 7, 1975|1575466254|true
350|Karen|Best|arcu.imperdiet.ullamcorper@Proinvel.ca|Sep 4, 1969|1578359692|true
351|Aspen|Mathews|placerat.orci.lacus@ridiculusmusDonec.net|Jul 17, 1973|1611071290|true
352|Yuli|Rush|id.mollis.nec@magnisdisparturient.com|Feb 17, 1965|1566609653|true
353|Zenia|Scott|nec.orci.Donec@iaculisenimsit.co.uk|Mar 10, 1972|1592681366|true
354|Aristotle|Pierce|elit.pharetra.ut@Donec.co.uk|Apr 21, 1988|1574349647|true
355|Dana|Reid|iaculis.lacus.pede@Aliquamgravidamauris.edu|May 7, 1960|1534314545|true
356|Jackson|Santos|aliquet.Proin@tristiquealiquetPhasellus.ca|Oct 4, 1964|1595812577|true
357|Hillary|Mckinney|Integer.sem@vulputatenisi.co.uk|Jun 20, 1996|1576144186|false
358|Samson|Mccarty|mollis.lectus@necanteMaecenas.com|Jun 7, 1969|1584326000|false
359|Clarke|Cohen|Nulla@molestietellus.net|Jun 11, 2002|1570048072|false
360|Lewis|Stokes|vitae@Proinnislsem.ca|Apr 5, 1967|1550632357|true
361|Erasmus|Larson|pellentesque.massa@accumsaninterdum.net|Aug 17, 1999|1521390127|false
362|Imelda|Mack|Quisque@eu.org|Aug 23, 2001|1556974277|true
363|Kato|Hubbard|enim.nisl.elementum@Suspendisseseddolor.net|Jul 15, 1967|1553895580|false
364|Abraham|Conley|sociis@nequenon.net|Aug 4, 1990|1572324477|true
365|Leandra|Travis|sapien.Nunc.pulvinar@augueeu.net|Dec 3, 1988|1529251138|true
366|Norman|Sellers|egestas.a@est.edu|Mar 6, 1995|1538203125|false
367|Jaime|Brennan|magna.malesuada@volutpatNullafacilisis.net|Dec 15, 1967|1567284122|true
368|Dylan|Hayden|a.aliquet@eleifend.edu|May 3, 1999|1529201319|true
369|Theodore|Stewart|semper.erat.in@diam.edu|Dec 6, 1995|1593493156|false
370|Vincent|Duran|arcu@est.edu|Mar 30, 1969|1541330187|false
371|Merritt|Berry|vitae.sodales.nisi@idlibero.org|Dec 2, 1982|1602361134|true
372|Morgan|Huffman|neque@gravida.edu|Jun 16, 1992|1574672300|true
373|Shana|Douglas|pharetra.felis.eget@tellusNunc.net|Feb 16, 1961|1611107887|false
374|Charity|Randolph|dui.Suspendisse.ac@varius.com|May 12, 1961|1564190395|true
375|Ivy|Gonzales|vitae@velit.net|Jul 8, 1970|1528950500|true
376|Amela|Bryant|ut.molestie@aptenttacitisociosqu.org|Oct 1, 1998|1553042275|true
377|Orla|Todd|ut.sem.Nulla@idnuncinterdum.net|Nov 20, 1993|1538555182|false
378|Yolanda|Russell|eleifend.egestas.Sed@primisin.co.uk|Feb 20, 1966|1543958570|true
379|Jasmine|Walls|per.inceptos@fermentumrisus.co.uk|Jan 25, 1980|1545176258|false
380|Debra|Chandler|arcu@aliquet.net|Feb 13, 1998|1601925084|true
381|Zeph|Hopkins|tincidunt.orci.quis@fermentummetus.edu|Apr 12, 1992|1583165348|false
382|Gannon|Byrd|Sed.nunc@purusMaecenas.com|Oct 18, 1968|1544977109|false
383|Ivan|Fields|Integer.sem@mus.com|Dec 20, 1971|1554967401|true
384|Cassandra|Britt|tempor.lorem.eget@utquamvel.org|Jun 13, 1977|1584888308|false
385|Christopher|Mercado|Nunc.sed.orci@Pellentesque.edu|May 18, 1992|1572237332|true
386|Hannah|Harrell|eleifend.egestas@turpisnec.net|Oct 26, 1964|1575718676|false
387|Basil|Witt|In.tincidunt.congue@posuereenim.net|Jul 8, 1993|1606776631|false
388|Martha|Potter|aliquam@pharetrasedhendrerit.edu|Jan 5, 1961|1602581805|true
389|Lucian|Nixon|ornare@antebibendum.net|Oct 11, 1985|1595974264|false
390|Leslie|Slater|nunc@utmolestiein.ca|Apr 4, 1978|1611976738|true
391|Victor|Simmons|vel.arcu.Curabitur@risusDuis.ca|May 25, 1961|1587604732|false
392|Kalia|Vega|vitae@fermentum.com|Jun 30, 1970|1580578905|false
393|Valentine|Barrett|eget@turpisegestas.ca|Jun 20, 1997|1569687717|true
394|Kylynn|Gill|facilisis.non.bibendum@estac.org|Apr 27, 1969|1575304210|false
395|Kaseem|Gay|gravida.molestie.arcu@Proinnisl.net|Apr 1, 1964|1541593394|true
396|Harlan|Gaines|euismod.in.dolor@Nulladignissim.org|Jan 9, 1989|1534690791|true
397|Lucius|Yang|fringilla.cursus.purus@Aeneanmassa.com|Aug 4, 1968|1520032566|false
398|Riley|Barrett|ut.nulla.Cras@temporest.ca|Feb 7, 2002|1608541875|true
399|Yoshio|William|eget.ipsum.Donec@elitEtiamlaoreet.co.uk|Apr 29, 1982|1568695740|false
400|Dillon|Delacruz|faucibus.lectus@egetvolutpat.com|Jun 9, 1972|1532699452|true
401|Mia|Santos|iaculis@DonecegestasDuis.edu|Jan 27, 1983|1600093969|false
402|Hector|Brown|Proin@ac.ca|Jan 13, 1990|1612059344|false
403|Nola|Hartman|non@utaliquamiaculis.edu|Aug 17, 1972|1596410811|false
404|Gregory|Collins|eros.turpis.non@pedeet.edu|Jul 16, 1981|1573524323|true
405|Levi|Decker|mattis.ornare@justoPraesent.net|Jan 16, 1970|1524955594|true
406|Vaughan|Barlow|vehicula@diamlorem.com|Feb 6, 1998|1535071118|false
407|Christopher|Fleming|arcu.eu@facilisis.net|Mar 24, 1977|1538141559|false
408|Tucker|Whitaker|at.lacus.Quisque@orci.ca|Jun 17, 1971|1586880347|false
409|Benjamin|Tran|mi.lacinia@Maecenas.org|Sep 1, 1967|1584162709|false
410|Priscilla|Lowe|Integer.eu@scelerisqueneque.org|Apr 29, 1991|1588611257|true
411|Gloria|Shepherd|ultrices.sit.amet@infelisNulla.com|Nov 29, 1985|1550257601|false
412|Hector|Conway|feugiat@Maurismolestie.ca|Apr 18, 1976|1599093198|true
413|Blake|Franco|sociosqu.ad.litora@nonluctussit.co.uk|Jan 13, 1998|1539832798|true
414|Alfonso|Bonner|Cras.dolor.dolor@Phasellusdapibus.net|Jan 3, 1985|1562855045|false
415|Clare|Buck|lacus.Etiam@et.edu|May 19, 1986|1589927406|false
416|Baker|Avila|nec.euismod.in@litoratorquent.com|Sep 13, 1975|1610477882|false
417|Hunter|Gardner|ornare.egestas.ligula@Donecnibh.co.uk|Aug 28, 1965|1612568507|false
418|Ciaran|Gentry|mus@posuerecubilia.net|May 29, 1971|1595281118|true
419|Judah|Santos|magna.Suspendisse@arcu.ca|Jul 30, 1988|1606243277|true
420|Shay|Moran|sit.amet@ametconsectetuer.com|Jun 27, 1967|1566122577|true
421|Chancellor|Drake|consectetuer@tellus.co.uk|May 7, 1967|1576723129|false
422|Elizabeth|Cole|risus@Etiamvestibulummassa.ca|Mar 7, 1996|1602927879|true
423|Carly|Ramsey|Proin.ultrices.Duis@velit.ca|Feb 22, 1995|1553219375|true
424|Zachery|Christian|risus.Duis@aduiCras.net|Nov 28, 1960|1553518691|false
425|Reese|Rasmussen|sed.leo.Cras@doloregestasrhoncus.net|Jun 26, 1995|1588990429|false
426|Kathleen|Alexander|Phasellus@antebibendum.org|Aug 13, 1988|1547762417|true
427|Tiger|Farrell|montes.nascetur.ridiculus@diamProindolor.co.uk|Apr 29, 1982|1523216957|true
428|Wang|Soto|aliquet.molestie@inmolestietortor.net|Jul 16, 1995|1548203748|true
429|Alfonso|Clarke|vel.venenatis@maurisa.com|Mar 9, 1996|1591362463|false
430|Guinevere|Salazar|mattis@tellusfaucibusleo.com|Feb 13, 2002|1600946734|false
431|Adrian|Houston|semper.rutrum@mauris.com|May 12, 1989|1585565463|false
432|Harriet|Stuart|Mauris@Donecest.edu|Feb 7, 1989|1542163325|true
433|Cody|Reilly|molestie.tortor@fermentum.com|Feb 11, 1981|1543691296|true
434|Brandon|Ramsey|Phasellus.dapibus.quam@amet.net|Aug 16, 1967|1526039901|false
435|Yolanda|Neal|imperdiet.ullamcorper@malesuadafringilla.com|Sep 7, 2001|1585645331|false
436|Nolan|Ross|sociis.natoque.penatibus@molestiesodales.ca|May 3, 1978|1532291244|true
437|Clare|Cantrell|auctor.velit.Aliquam@dapibus.co.uk|Jul 9, 1970|1576898649|false
438|Oprah|Cannon|Etiam.laoreet.libero@atfringilla.co.uk|Jan 25, 1971|1520430976|false
439|Valentine|Randolph|blandit.Nam.nulla@eteros.co.uk|Jan 27, 1986|1548560335|false
440|Lee|Snow|enim.condimentum@magna.edu|May 24, 1990|1577446536|true
441|Zeph|Shepard|sit@aliquetmagnaa.co.uk|Jan 28, 2002|1612468658|false
442|Ray|Higgins|Nam.tempor.diam@facilisisfacilisismagna.co.uk|Aug 22, 1962|1542745581|false
443|Candace|Kelly|ac.feugiat@Suspendisse.com|Apr 28, 1987|1518969857|true
444|Ruby|Wagner|scelerisque.scelerisque@velnislQuisque.co.uk|May 31, 1998|1549558505|false
445|Steel|Hewitt|mi.Aliquam@nectempus.ca|Feb 7, 1982|1557645070|false
446|Carly|Mclaughlin|a@massaIntegervitae.org|Apr 12, 1963|1604410611|false
447|Madonna|Charles|turpis@egestas.co.uk|Nov 1, 2000|1561500562|false
448|Finn|Blackburn|parturient@eu.ca|Oct 1, 1960|1563675691|false
449|Rae|Keith|diam.lorem@nullamagna.edu|Jan 10, 1991|1594939877|true
450|Odessa|Bell|turpis.egestas.Fusce@blanditcongue.net|Mar 8, 1997|1574299895|false
451|Uriel|Skinner|Suspendisse.eleifend@adipiscingMaurismolestie.com|Mar 11, 1965|1563080037|true
452|Brent|Nieves|cursus@Donec.net|May 9, 1973|1589331502|true
453|Kiayada|Underwood|arcu@nisi.com|Aug 26, 1962|1587914543|false
454|MacKenzie|Dean|egestas.nunc.sed@eget.org|Aug 18, 1990|1548150192|true
455|Curran|Brady|ornare.egestas.ligula@Nullamsuscipitest.ca|Oct 10, 1985|1545510126|false
456|Justin|Dixon|ligula.Aliquam.erat@sagittis.edu|Nov 16, 1983|1598342100|true
457|Aquila|Duffy|nec.ante@et.net|May 19, 1965|1593737689|false
458|Kirk|Sims|ut@sed.edu|Sep 15, 1978|1594782074|false
459|Barry|Harper|fames.ac@Proin.ca|Apr 12, 1964|1545350812|false
460|Barrett|Pollard|Ut@temporbibendum.co.uk|May 24, 1978|1603998065|true
461|Hayes|Pittman|lectus.a@malesuadautsem.org|Aug 24, 1987|1540871162|false
462|Daria|Giles|risus.Donec.egestas@necorciDonec.edu|Feb 5, 1979|1523697231|false
463|Hadassah|Fry|tempus.lorem.fringilla@elementum.net|Feb 21, 1967|1571799686|false
464|Tucker|Garrett|Fusce@nequevenenatis.co.uk|Jan 17, 1986|1602451609|false
465|Claire|Harrell|nisl.Nulla.eu@aliquetProinvelit.co.uk|May 11, 1977|1602525443|true
466|Hayden|Dodson|ut.cursus@gravidamauris.org|Apr 21, 1989|1560111593|true
467|Mollie|Shields|risus@lacus.edu|Aug 8, 1970|1565166867|true
468|Alan|Garrison|tincidunt.nibh.Phasellus@euarcuMorbi.org|Mar 17, 1968|1593390274|false
469|Curran|Harper|est@ipsumdolorsit.org|Feb 23, 1990|1541862669|true
470|Brody|Berry|mauris.sit.amet@tortornibhsit.ca|Mar 1, 1989|1571340621|false
471|Pamela|Hopper|ligula@luctusaliquetodio.org|Oct 17, 1996|1551952780|false
472|Shaeleigh|Emerson|adipiscing.elit.Etiam@estvitaesodales.org|Dec 3, 1993|1551171825|false
473|Brian|Rutledge|ligula.Nullam.feugiat@eratSednunc.net|Jan 24, 1988|1580994262|true
474|Candace|Harding|in@mauris.org|Sep 2, 1975|1545222157|false
475|Summer|Little|Mauris.molestie@nisiAeneaneget.com|Mar 31, 1988|1583986201|false
476|Ashton|Mosley|Pellentesque.ut@orciquis.ca|Jun 30, 1962|1548878943|false
477|Cody|Huber|Maecenas.ornare@feugiatnonlobortis.ca|May 11, 1998|1540749604|false
478|Sage|Burch|non@inlobortis.net|Mar 14, 1962|1556261834|true
479|Quentin|Valencia|rutrum.lorem.ac@suscipitestac.com|Feb 15, 1980|1585091163|false
480|Fitzgerald|Bean|lacinia.Sed.congue@malesuadaaugueut.edu|Nov 24, 1979|1577720731|true
481|Gay|Wise|risus.varius.orci@orciluctuset.co.uk|Jul 11, 1969|1589341463|true
482|Abra|Jennings|eros.turpis@nectempusscelerisque.net|Dec 14, 1996|1530790406|true
483|Lewis|Middleton|sit.amet@magnaPraesent.com|Jun 6, 1972|1586090991|true
484|Jordan|Cross|ad.litora.torquent@famesac.com|Oct 6, 1972|1521259315|true
485|Brendan|Bowers|cursus.Integer.mollis@uteratSed.co.uk|Sep 13, 1987|1581580124|false
486|Felix|Eaton|porttitor.eros@nuncQuisque.co.uk|Sep 5, 1966|1579663038|true
487|Zachary|Blair|enim.sit@duinec.ca|Feb 2, 1991|1592154212|true
488|Grady|Rosario|sollicitudin.orci@Cumsociis.edu|Jul 3, 1979|1613742101|true
489|Griffin|Walsh|tristique.pellentesque.tellus@felisullamcorperviverra.org|Apr 24, 1961|1530851179|true
490|Maxwell|Mcgowan|dui@laoreetipsumCurabitur.net|Mar 23, 1960|1529642459|true
491|Sage|Richards|Sed.malesuada.augue@magnisdisparturient.ca|Jun 3, 1992|1609325056|false
492|Yasir|Skinner|semper@conubia.org|Mar 26, 1967|1588546147|true
493|Lael|Gill|velit.eget@lectuspedeet.net|Aug 3, 1979|1566369323|false
494|Jordan|Holman|placerat.eget@sapienAeneanmassa.co.uk|Jan 17, 1987|1584975692|false
495|Melinda|Park|libero.mauris.aliquam@malesuadavelvenenatis.edu|Jun 13, 1984|1589928316|true
496|Fulton|Larsen|non.dui@acmetusvitae.edu|Mar 20, 1994|1593317885|false
497|Cain|Campos|erat.nonummy.ultricies@pedeetrisus.org|Nov 16, 1974|1545487198|false
498|Phelan|Rhodes|sem@tinciduntpede.ca|Aug 20, 1993|1574899408|true
499|David|Dalton|sed.dictum@loremlorem.org|Jul 26, 1980|1531587148|false
500|Moses|Freeman|Integer.in@auctorMauris.com|Aug 13, 1962|1591692733|false
501|Alma|Dodson|eleifend.egestas.Sed@lectusjustoeu.ca|Aug 17, 1969|1530087067|false
502|Quinn|Armstrong|eget.venenatis@consectetuereuismodest.com|Nov 15, 1969|1561536932|false
503|Brett|Vance|felis.Donec.tempor@velit.co.uk|Oct 4, 1967|1599265050|false
504|Perry|Crawford|malesuada.ut.sem@suscipit.co.uk|Mar 31, 2001|1588006737|true
505|Isaac|Todd|arcu.Morbi@pede.net|Nov 13, 1998|1530069194|false
506|Amity|Black|consectetuer.adipiscing@Nullamvitaediam.net|Jan 27, 1966|1520255398|true
507|Gavin|Drake|turpis.In@placeratCrasdictum.org|Nov 13, 2000|1531046048|true
508|Abigail|Bentley|fermentum.metus@amet.edu|Jul 12, 1978|1547484722|false
509|Jane|Perez|Aliquam.ultrices@auctornunc.com|Mar 12, 1985|1528773573|true
510|Ryan|Knight|ipsum.dolor@orcitinciduntadipiscing.net|May 6, 1964|1590664130|false
511|Nevada|Franklin|fringilla.purus@egettincidunt.net|Oct 28, 1994|1541914178|true
512|Evelyn|Baird|lacus.Ut.nec@orciUt.co.uk|Apr 2, 1982|1593456830|true
513|Herman|Avila|congue.elit.sed@ultricies.org|Oct 11, 1984|1527083432|true
514|Tatum|Sutton|montes.nascetur.ridiculus@urnaetarcu.edu|Nov 3, 1963|1560897013|false
515|Yoshio|Morrow|lectus.pede@Maurisquisturpis.ca|Nov 6, 1982|1570059665|false
516|Mark|Bonner|purus.Duis.elementum@auctorMauris.co.uk|Oct 19, 1963|1614033017|true
517|Ignatius|Haley|vel.vulputate.eu@idnuncinterdum.co.uk|Mar 18, 1970|1611214133|false
518|Wynne|Fulton|Suspendisse@egetmetus.co.uk|Dec 14, 1983|1526285467|true
519|Marsden|Bridges|lectus@dictum.ca|Jul 16, 1978|1536763658|false
520|Courtney|Small|Suspendisse.sagittis.Nullam@nisisem.com|Jul 3, 1962|1599577444|false
521|Dante|Walls|nec.tempus.mauris@pretium.co.uk|Mar 13, 1998|1518548896|false
522|Chancellor|Beasley|ligula.Nullam.feugiat@Vivamuseuismod.ca|Jan 30, 1998|1576363708|false
523|Rogan|Lowery|Nulla.eget@atortorNunc.org|Jan 13, 1996|1526681517|true
524|Amela|Flores|Donec.sollicitudin.adipiscing@Nullam.com|Jun 20, 1999|1560875361|true
525|Ian|Donaldson|dui.nec@auguescelerisque.net|Dec 22, 1985|1589203284|false
526|Geoffrey|Bartlett|nascetur@in.ca|Jan 10, 1970|1581271025|true
527|Branden|French|accumsan@ametdapibusid.edu|Feb 3, 1970|1609334615|false
528|Odessa|York|euismod@sitametornare.org|Dec 17, 1999|1534637492|true
529|Jescie|Moody|congue.turpis@justo.net|Jun 12, 1988|1578573591|false
530|Jordan|Finch|ornare.Fusce@magnaSuspendissetristique.net|Sep 2, 1997|1612354225|true
531|Arsenio|Robles|Nunc.mauris@quamafelis.ca|Jun 9, 1987|1528962998|false
532|Cecilia|Yates|quis.turpis.vitae@purus.com|Feb 7, 1965|1593961797|false
533|Shaeleigh|Chapman|In.tincidunt@metusurna.net|Jun 3, 1975|1574284043|true
534|Nerea|Head|vitae@nuncsitamet.net|Sep 17, 1979|1604879209|false
535|Ignacia|Glass|varius.orci@ante.edu|Aug 15, 1968|1588719170|false
536|Kiayada|Chapman|id.blandit.at@commodoatlibero.ca|Jun 28, 1992|1611719549|false
537|Melanie|Mcdowell|dignissim@venenatisa.co.uk|Aug 20, 1981|1563469551|true
538|Dean|Cabrera|tincidunt.vehicula@porttitorinterdum.edu|Aug 15, 1966|1539266238|false
539|Sacha|Mayo|non.enim.Mauris@malesuadafringillaest.org|Feb 1, 1968|1594274436|false
540|Herman|Frost|eu.dolor.egestas@seddolor.edu|Dec 24, 1968|1533771566|true
541|Quincy|Golden|ipsum.primis@temporarcu.co.uk|Jun 16, 1991|1560102308|false
542|Declan|Vinson|egestas.a.dui@felisorci.org|Dec 15, 1990|1587493582|false
543|Kathleen|Singleton|enim.Nunc.ut@viverraDonec.ca|Apr 1, 1971|1587305828|false
544|Daquan|Watkins|euismod.in@risusDuisa.ca|Nov 16, 1961|1586032106|false
545|Serena|Guerra|pede.nec.ante@Suspendissedui.org|Jan 24, 1993|1610266367|false
546|Lucian|Goodman|ante.blandit@ridiculusmus.edu|Sep 4, 1969|1522556992|false
547|Kimberley|Holloway|imperdiet@orciluctus.ca|Jun 10, 1992|1600695144|true
548|Quinn|Ray|ultricies@liberoet.org|Sep 5, 1967|1533814417|false
549|Fitzgerald|Waters|neque.vitae@Donecnibh.edu|Nov 5, 1976|1530383256|true
550|Wayne|Flores|consequat.purus@in.edu|Feb 25, 1967|1527435303|true
551|Donovan|Rivas|ut@tellusPhasellus.co.uk|Oct 20, 1992|1566471619|false
552|Arden|Knapp|massa@mifringillami.edu|Jun 7, 1976|1602071573|true
553|Erica|Boone|aliquet.magna.a@fringillaest.ca|Jun 7, 1993|1532793294|true
554|Beau|Matthews|mi.lacinia.mattis@In.com|Jan 30, 1995|1586403648|true
555|Wyatt|Lopez|sed@atpretiumaliquet.net|Oct 29, 1961|1524053880|false
556|Bo|Howell|Etiam.laoreet@anteipsumprimis.ca|Jan 2, 2001|1581810999|true
557|Ramona|Strickland|pellentesque.tellus.sem@magnisdis.ca|May 31, 1980|1517713923|false
558|Ashton|Holcomb|vestibulum@adlitoratorquent.org|May 12, 1983|1573053387|false
559|Elton|Rollins|at.risus.Nunc@euneque.ca|Sep 11, 1984|1545359004|true
560|TaShya|Bean|amet.lorem@maurisidsapien.edu|Feb 7, 1997|1599814110|true
561|Cruz|Walter|eu@aliquet.co.uk|Mar 7, 1990|1607472537|false
562|Armand|Morris|et.libero.Proin@euaccumsan.com|Sep 28, 1971|1550821031|false
563|Cameron|Wood|ligula@nibhdolornonummy.net|Oct 25, 1995|1587291512|true
564|Ulysses|Summers|neque@fringilla.net|Mar 16, 1986|1596955021|true
565|Oleg|Gardner|feugiat.Sed@Aliquam.co.uk|Dec 27, 1982|1552737723|true
566|Graham|Stephens|nec@sed.co.uk|Jun 10, 1973|1588863404|false
567|Clio|Booker|ipsum.dolor@lobortisquis.net|May 26, 1989|1600610624|false
568|Maia|Spence|cursus.purus.Nullam@egestas.net|Mar 6, 1961|1560903408|true
569|Malcolm|Donovan|nibh@ipsumnon.net|Mar 27, 1987|1569668943|true
570|Tanner|Little|sagittis.felis.Donec@nec.co.uk|Aug 24, 1985|1571489787|false
571|Thane|Guy|est.tempor.bibendum@volutpat.co.uk|Jan 17, 1968|1532713244|true
572|Jena|Barron|luctus@Ut.co.uk|Dec 1, 1995|1539527041|true
573|Cailin|Rocha|Cras@amet.ca|Oct 4, 1992|1610473491|true
574|Zoe|Stein|libero.Donec.consectetuer@arcuiaculisenim.edu|Dec 28, 1986|1613478741|true
575|Magee|Salinas|interdum@Nullatinciduntneque.net|Sep 21, 1981|1612080200|true
576|Bernard|Small|Nulla.facilisi.Sed@litora.co.uk|Mar 13, 2002|1531561633|false
577|Dale|Chen|ad.litora.torquent@quislectus.org|Feb 12, 1972|1533322176|false
578|Eliana|Baxter|turpis@Integer.org|Mar 26, 1960|1611824910|false
579|Uriel|Kirby|leo.elementum.sem@augueeu.org|Jul 21, 1973|1587548783|true
580|Lynn|Baker|Nullam.velit@ac.edu|Mar 12, 1998|1576572913|false
581|Gloria|Clark|consectetuer@Nam.co.uk|Mar 4, 1981|1525884114|false
582|Brock|Hewitt|vitae.risus.Duis@pharetrafeliseget.com|Oct 10, 1991|1591380436|false
583|Mechelle|Beach|magna.Sed@Mauris.edu|Apr 22, 2000|1575943368|true
584|Brenna|Browning|arcu.et@Crasconvallis.org|Nov 30, 1994|1547168379|false
585|Julie|Henderson|egestas@diamluctuslobortis.ca|Mar 28, 1970|1592418407|true
586|Ella|Barnes|Aenean.euismod@eleifendnuncrisus.co.uk|Apr 10, 2001|1531606990|true
587|Dorothy|Herman|Quisque@vestibulummassa.edu|Apr 21, 1986|1554576527|true
588|Gavin|Stafford|ante@purus.net|Apr 26, 1962|1537797197|true
589|Walker|Carson|eget@vulputateeuodio.net|Feb 5, 1995|1547084627|true
590|Rose|Allen|eu.dui.Cum@mollis.ca|Feb 10, 1997|1526434514|false
591|Adria|Holden|neque.Sed.eget@inmolestie.net|Feb 10, 1963|1556384047|false
592|Kadeem|Mathews|urna.et@felisadipiscing.co.uk|Jun 29, 1972|1570656220|true
593|Abraham|Cervantes|ac@cursusNunc.co.uk|Oct 16, 1963|1560726699|false
594|Geoffrey|Knapp|Aenean@vehicularisus.edu|Dec 19, 1988|1593876839|true
595|Ryder|Sosa|Nunc.lectus@velit.ca|Jun 12, 1981|1536973851|true
596|Cedric|Hooper|Integer.eu@urnaNullamlobortis.org|Oct 11, 1990|1544702143|true
597|Aubrey|Guzman|facilisis.vitae.orci@utquam.ca|Jan 28, 2001|1565516950|true
598|Frances|Long|mauris.eu@Sedeunibh.net|Jan 1, 1974|1602122831|false
599|Adrian|Burnett|elementum@leoin.com|Sep 14, 1967|1555711763|false
600|Shana|Blanchard|In.nec@lobortisnisi.edu|May 1, 1975|1540855745|true
601|Eagan|Faulkner|imperdiet.non@egestasligula.com|Feb 19, 1975|1529760098|false
602|Stewart|Hood|lacus.Mauris@eu.com|Dec 10, 1997|1538436751|false
603|Dai|Pitts|commodo.auctor.velit@nostraperinceptos.co.uk|Dec 11, 1985|1556678456|false
604|Garth|Day|odio.tristique.pharetra@auctorMauris.org|Dec 28, 1972|1552443528|true
605|Yardley|Sharp|enim@molestiearcu.net|Nov 19, 1961|1602274685|true
606|Buckminster|Davidson|pede@temporlorem.ca|Dec 14, 1975|1589071901|false
607|Chaney|Pickett|magna.Phasellus@etrutrumeu.net|Mar 15, 1996|1569727491|false
608|Asher|Wood|ac.turpis.egestas@dolorNullasemper.ca|Apr 12, 1960|1576152653|false
609|Harlan|Lester|ipsum.cursus@dolordolortempus.ca|Aug 15, 1966|1529565701|true
610|Riley|Hoover|ipsum.leo.elementum@necurnasuscipit.net|Dec 9, 1998|1563717255|true
611|Lesley|Cardenas|Morbi@Quisqueimperdieterat.org|Nov 6, 1967|1536682300|false
612|Shay|Mercer|ante@nulla.edu|Apr 2, 1965|1569644761|false
613|Hedy|Blanchard|ut.eros@malesuada.edu|May 22, 1993|1573952051|false
614|Aileen|Odonnell|interdum.Sed@Quisqueornaretortor.edu|Nov 25, 1996|1545839364|false
615|Kiara|Crane|blandit.mattis.Cras@Curabituregestasnunc.org|Aug 12, 1976|1590120291|false
616|Gray|Mckee|Nullam@sedfacilisis.edu|Dec 5, 1974|1590437006|false
617|Ferdinand|Gray|risus@nuncQuisque.co.uk|Apr 10, 1963|1576415252|true
618|Boris|Huff|Morbi@Curabiturutodio.com|Jun 5, 2001|1572142359|true
619|Phoebe|Craig|eget@eu.net|Jun 21, 1977|1547719652|false
620|Xantha|Pennington|arcu.Morbi@ametconsectetuer.co.uk|Mar 31, 1998|1600742879|true
621|Graiden|Fox|ac.feugiat@vulputatemauris.org|Dec 19, 1993|1528568567|true
622|Berk|Flynn|Mauris@uteratSed.org|Nov 20, 1997|1543531103|false
623|Armando|Thornton|Donec@Duis.co.uk|Jan 4, 1989|1593583287|false
624|Jaquelyn|Rhodes|pharetra@pellentesquetellussem.edu|Jan 21, 1993|1569814788|false
625|Ruth|Patterson|quam.vel.sapien@malesuada.org|May 24, 1986|1523268570|false
626|Robin|Holland|pretium@Vivamuseuismodurna.edu|Apr 2, 1973|1521886828|true
627|Helen|Navarro|placerat.eget@mollisneccursus.com|Jun 25, 1979|1559007589|false
628|Rooney|Sosa|Integer.urna.Vivamus@luctus.org|Jan 11, 1996|1541367936|false
629|Matthew|Acevedo|Lorem@montesnascetur.ca|Aug 28, 1988|1588708225|false
630|Deirdre|Alston|mattis.semper@famesacturpis.org|May 9, 1966|1527643115|true
631|Melinda|Bruce|mollis@faucibus.edu|May 31, 1976|1585154023|true
632|Hedley|Holder|vitae@ullamcorperDuis.co.uk|Jan 31, 2000|1544453678|false
633|Carlos|Fischer|eu.neque@Quisqueporttitoreros.org|Jan 21, 1981|1519874658|true
634|Whitney|Byers|augue.Sed.molestie@acfeugiatnon.ca|Feb 8, 1982|1552322476|false
635|Cecilia|Boyle|imperdiet.ornare.In@necante.com|Nov 13, 1981|1602046380|true
636|Rafael|Kirkland|penatibus.et.magnis@urnaNullam.co.uk|Sep 12, 1985|1608543892|false
637|Benedict|Flores|Duis.dignissim.tempor@semutcursus.edu|Dec 4, 1998|1520995520|true
638|Ruth|Holden|Phasellus.dapibus.quam@fringillaeuismodenim.net|May 9, 1967|1551771919|false
639|Mason|Riddle|semper@a.edu|Mar 31, 1975|1602075084|false
640|Lacy|Maxwell|enim.consequat@auctorvelit.net|Jul 11, 1993|1572974349|false
641|Reese|Barnes|Praesent.eu.nulla@semperduilectus.ca|Nov 3, 1998|1556218651|false
642|Tad|Floyd|ut.nisi@Mauris.net|Jan 18, 2002|1607208849|false
643|Fiona|Mckenzie|diam@molestie.ca|Feb 23, 1966|1547149634|true
644|Indira|Fitzgerald|interdum.ligula@enim.net|May 6, 1971|1524864196|false
645|Madonna|Sullivan|sem.mollis@vulputateposuere.edu|Aug 24, 2001|1529937169|true
646|Neil|Nolan|vitae.mauris.sit@suscipitnonummyFusce.com|Apr 25, 1983|1581481400|false
647|Maris|Rich|non.justo.Proin@disparturient.ca|Jul 11, 1962|1573757320|true
648|Diana|Underwood|amet.consectetuer.adipiscing@inconsequatenim.ca|Jun 8, 1992|1530179103|false
649|Cullen|Saunders|et.rutrum@sodalesnisi.com|Oct 25, 1990|1517629407|true
650|Levi|Adams|egestas@iaculisodioNam.org|Nov 14, 1973|1519097970|false
651|Hamish|Barrett|Donec@velpedeblandit.co.uk|May 28, 1993|1608833829|true
652|Galena|Mcgowan|mauris.elit.dictum@mauris.edu|Mar 20, 1997|1593468898|false
653|Mari|Craft|Nulla@laoreetliberoet.co.uk|May 30, 1970|1593764620|false
654|Baxter|Carson|ante.dictum@euaccumsan.com|Oct 21, 1963|1542560070|false
655|Ruby|Sharpe|Aliquam@amet.com|Apr 24, 1968|1613235013|false
656|Orlando|Maxwell|arcu@cursusIntegermollis.com|Apr 11, 1975|1570091328|true
657|Felix|Hendricks|magna@felisorciadipiscing.net|May 6, 1998|1553892997|true
658|Barrett|Johns|Duis.risus.odio@nulla.com|Jul 12, 1974|1595405457|false
659|Maxwell|Rhodes|massa.Vestibulum@sedest.com|Apr 4, 1989|1602851258|true
660|Marvin|Skinner|vel@vel.org|Aug 1, 1994|1524418916|true
661|Shannon|Carrillo|congue.a.aliquet@gravidanonsollicitudin.org|Nov 5, 1965|1608555574|true
662|Castor|Evans|Donec.est@odio.ca|Mar 19, 1994|1572526620|false
663|Dawn|Carr|Suspendisse.aliquet.molestie@Sed.net|Aug 15, 1995|1564943818|false
664|Violet|Vance|accumsan.neque@velitPellentesqueultricies.ca|Feb 24, 1963|1595632909|false
665|Cameran|Joyner|tortor@nectempus.co.uk|May 20, 1994|1518126902|true
666|Janna|Gates|risus.a.ultricies@etultricesposuere.net|Feb 13, 1974|1535079479|false
667|Briar|Jacobs|quis.pede.Suspendisse@ullamcorperDuiscursus.ca|Jul 28, 1974|1597340713|false
668|Sybil|Schmidt|in.consequat.enim@magnisdisparturient.org|Feb 11, 1983|1593198434|false
669|Tanya|Wright|eu.accumsan@ornare.org|Feb 22, 1990|1603167801|true
670|Jaime|Dillon|dignissim.lacus@ullamcorper.edu|Feb 23, 1966|1611664160|true
671|Zeph|Finley|turpis.egestas.Fusce@dolortempus.com|Jan 29, 1996|1608327720|true
672|Vance|Jacobs|non.feugiat@rhoncusProin.com|Sep 14, 1986|1529852059|true
673|Felix|Sanford|vitae.aliquam.eros@at.org|Nov 24, 1977|1534055581|false
674|Bethany|Marshall|blandit.at@duiFuscediam.co.uk|Sep 27, 1973|1530607856|true
675|Tobias|Kramer|Aliquam@loremutaliquam.org|Jan 20, 1976|1550981894|false
676|Sophia|Pope|metus.In@malesuadafames.ca|May 29, 1984|1540068136|false
677|Upton|Madden|odio.Phasellus.at@estMauris.net|Dec 22, 1971|1541235198|true
678|Samuel|Merrill|ultricies@aliquamarcuAliquam.edu|Jun 10, 1998|1598462792|false
679|Jerome|Fields|egestas.blandit.Nam@varius.com|Oct 17, 1974|1574867164|false
680|Howard|Bass|facilisis.vitae.orci@quis.ca|Nov 9, 1981|1572351233|true
681|Kristen|Pickett|ornare.facilisis.eget@Suspendissedui.net|Jan 23, 1993|1524230852|false
682|Wynter|Chavez|vulputate.dui.nec@maurissitamet.co.uk|Jun 1, 2002|1548516800|false
683|Ginger|Doyle|est.tempor.bibendum@aliquetmetus.net|Nov 22, 1969|1594776760|false
684|Nehru|Dalton|Phasellus.dolor@blanditNam.edu|Jan 12, 1961|1593093587|true
685|Lacy|Farmer|Etiam.vestibulum.massa@ametdapibusid.co.uk|Dec 4, 1995|1526151642|true
686|Leo|Harmon|arcu.Vestibulum@acorci.edu|Jun 11, 1975|1566806989|false
687|Shannon|Gutierrez|nunc.risus@non.org|Nov 13, 1995|1595039629|true
688|Fulton|Stein|nisi@dolorNulla.co.uk|Mar 25, 1990|1597128482|false
689|Nathan|Sanford|Suspendisse.sagittis@etarcuimperdiet.org|Jun 21, 2001|1540640364|true
690|Farrah|Berry|ligula.Donec@congueInscelerisque.org|Nov 2, 1969|1557121455|true
691|Stacey|Flowers|Pellentesque.ut@tinciduntorci.com|Jun 30, 1969|1611991264|false
692|Stephanie|Jones|et.netus@elita.net|Apr 11, 1995|1541837890|false
693|Fiona|Watts|montes.nascetur@elitEtiamlaoreet.ca|Aug 7, 1981|1586635238|true
694|Conan|Huffman|nulla.magna@odiosemper.edu|Aug 3, 1975|1604081980|true
695|Zena|Hodge|diam@metuseu.co.uk|Sep 11, 1977|1540251336|true
696|Uriah|Hawkins|vitae@acsem.com|Apr 26, 1999|1552824764|false
697|Kaden|Chase|egestas@non.ca|Jan 15, 1992|1604840997|true
698|Lacy|Macdonald|dui@magna.ca|Jun 16, 1968|1529350535|true
699|Imogene|Martinez|vel.venenatis.vel@gravida.org|Jul 23, 1981|1601832296|true
700|Mia|Tyler|nulla.vulputate@etlibero.ca|Jan 17, 1997|1528095509|false
701|Macey|Mcbride|pellentesque.tellus.sem@tempordiam.net|Sep 23, 1963|1566717189|true
702|Brendan|Burke|eu.metus.In@eueros.edu|Sep 29, 1963|1580778561|false
703|Dexter|Myers|sem.egestas@rutrumjusto.net|Dec 31, 1971|1591942484|false
704|Richard|Justice|eu@egestasAliquam.org|Mar 22, 1987|1547024480|true
705|Jade|Petersen|Proin@ridiculus.net|Jul 23, 1975|1530119331|false
706|Reece|Alford|erat@velitQuisque.ca|Dec 8, 1980|1534277282|true
707|Sharon|Ellison|facilisis@pharetrafeliseget.org|Oct 6, 1963|1577557019|false
708|Miranda|Booth|libero.dui.nec@tristiqueneque.org|Feb 21, 1999|1549394450|true
709|Herrod|Hawkins|Aliquam.gravida.mauris@ipsum.net|Jan 14, 1996|1585738036|false
710|Kennedy|Copeland|dui.nec@Vestibulumaccumsanneque.com|Sep 28, 1989|1576508666|false
711|Kuame|Rodgers|purus.Maecenas.libero@eueleifendnec.com|Dec 5, 1996|1581101394|true
712|Rogan|Tillman|leo@et.org|Jul 8, 1976|1527159619|false
713|Tatyana|Berg|enim.nec@tempus.ca|Nov 2, 1986|1564796017|false
714|Ishmael|Norton|amet@semmollis.ca|Mar 26, 1968|1600358021|false
715|Zephania|Zimmerman|ac.mattis@montesnasceturridiculus.edu|Apr 7, 1991|1528220194|false
716|Karen|Tillman|fermentum.convallis@etliberoProin.com|Apr 16, 1997|1554718176|false
717|Pascale|Good|Fusce.dolor.quam@sedhendrerit.net|Jul 27, 1974|1532597793|false
718|Anthony|Richards|fermentum@eueleifendnec.net|Nov 3, 1987|1604566995|true
719|Chastity|Crane|facilisis@eratsemperrutrum.ca|Nov 20, 1995|1549532000|false
720|Keefe|Ellis|pede.Suspendisse@sapien.ca|Aug 29, 1969|1562552040|true
721|Chaney|Ochoa|lorem@molestie.net|Apr 23, 1969|1555404652|true
722|Urielle|Dunn|diam@sapiencursus.com|Apr 4, 1976|1524956652|false
723|Troy|Jarvis|mauris@ultricesposuerecubilia.edu|Apr 9, 2000|1573237097|true
724|Bethany|Valdez|Proin.velit@enimcondimentum.edu|Jul 2, 1990|1532784077|false
725|Chantale|Holt|ac.nulla.In@litoratorquent.org|Mar 26, 1968|1564490416|false
726|Larissa|Hardy|nec.ante.blandit@vitaevelit.com|May 9, 1990|1605037512|true
727|Mollie|Sanford|In.condimentum.Donec@apurus.co.uk|Jan 17, 1974|1607510376|false
728|Kirk|House|Donec.tempus@nibhvulputatemauris.edu|Jan 25, 1985|1602358991|false
729|Josephine|Baldwin|risus@malesuada.edu|Dec 17, 1964|1544506033|true
730|Angela|Case|elit@at.co.uk|Jun 25, 1996|1559038394|false
731|Wyatt|Calderon|massa.non.ante@ametdapibus.co.uk|Dec 31, 1962|1541968819|false
732|Hayden|Pollard|magna@Morbimetus.net|Jul 14, 1982|1556720670|false
733|Elijah|Ramos|aliquet@lacusMauris.edu|Jan 31, 2001|1565961872|false
734|Jorden|Baird|nascetur.ridiculus@quispedeSuspendisse.co.uk|Apr 25, 1992|1581799560|false
735|Nelle|Gregory|consequat.nec.mollis@molestiepharetranibh.com|Oct 3, 1983|1596678707|true
736|Kenneth|Odom|dignissim.tempor@pharetra.edu|Jan 24, 1998|1559359040|false
737|Darryl|Mcdowell|metus.Vivamus@Maurisut.com|Jan 10, 1988|1538522522|false
738|Sara|Tran|risus.Donec@etmagnis.net|Jan 19, 1967|1612963625|true
739|Jakeem|Delacruz|tellus@scelerisque.edu|Nov 23, 1999|1568922758|true
740|Ivor|Hall|libero.mauris.aliquam@Morbimetus.com|Oct 8, 1960|1593333036|true
741|Cameran|Bradley|luctus@amet.com|Jun 5, 1977|1613768052|true
742|Myles|Johnson|urna.convallis@augueSedmolestie.co.uk|May 6, 1973|1542860198|false
743|Brock|Pitts|ultrices.Vivamus@odiotristiquepharetra.com|Sep 16, 1967|1572174186|true
744|Jackson|Singleton|risus.varius.orci@Maurisnondui.edu|Mar 2, 1980|1581285249|true
745|Conan|Garrett|mollis.lectus@Nuncpulvinar.ca|Jun 24, 1991|1603323556|true
746|Cody|Lynn|Ut@in.ca|Aug 11, 1993|1558638732|false
747|Callum|Baldwin|euismod.in@eutellus.net|Oct 20, 1968|1568179870|true
748|Kylynn|Bowers|ipsum.Donec@non.edu|Jan 20, 1964|1584784433|false
749|Hilary|Guthrie|enim.nec@montes.com|Jan 17, 1966|1543910247|true
750|Jaime|Carr|convallis.erat.eget@egetnisidictum.edu|Mar 10, 1991|1559341963|true
751|Edward|Doyle|eget@risusDonecnibh.com|Jul 21, 1966|1594827376|false
752|Mara|Petty|interdum.feugiat@lectusrutrum.org|Oct 21, 1965|1606436604|false
753|Henry|Cooley|non.leo@pedenonummyut.co.uk|Jul 15, 1983|1567197693|false
754|Nora|Bryant|risus.Donec.egestas@scelerisquesed.co.uk|Dec 1, 1970|1564603180|true
755|Alana|Gamble|pede.Nunc.sed@euturpisNulla.co.uk|Mar 20, 1975|1573921875|true
756|Moses|Duncan|sed@duisemper.org|Oct 14, 1974|1519166618|true
757|Len|Mullen|hendrerit.Donec@egetvenenatis.edu|Feb 9, 1996|1557519201|false
758|Jackson|Alston|in.consectetuer@arcu.co.uk|Mar 7, 2002|1532645309|false
759|Skyler|Mcpherson|fringilla.purus.mauris@elit.com|Sep 12, 1999|1558834669|false
760|Veda|Cooper|non.lorem@dictumcursusNunc.org|May 18, 1993|1595539468|true
761|Laurel|Padilla|neque.tellus@Aeneaneget.edu|Jan 6, 1988|1601802526|true
762|Driscoll|Jensen|Nunc.sollicitudin.commodo@risusDonecegestas.org|Jun 3, 1964|1551894583|true
763|Molly|Bartlett|vulputate@auctor.edu|May 1, 2000|1533334584|true
764|Dexter|Cooley|molestie@musProinvel.net|Sep 5, 1990|1589327599|false
765|Jarrod|Harvey|Morbi@egestas.net|Apr 8, 1999|1609771447|false
766|Cole|Chan|ante@quispedePraesent.org|May 22, 1982|1608927178|false
767|Ethan|Bright|ultrices.posuere@scelerisquedui.org|Apr 10, 1989|1527116449|true
768|Ethan|Wells|risus.Duis.a@ullamcorpervelitin.com|Feb 26, 1990|1525330617|false
769|Drew|Nash|Etiam@anteVivamus.net|Jul 31, 1977|1524682138|false
770|Phillip|Perkins|magna.Nam@acurna.ca|Mar 18, 1987|1571392136|false
771|Amanda|Horton|Aliquam.erat@egettinciduntdui.org|Oct 15, 1964|1581721681|true
772|Evelyn|Hopkins|Fusce.diam@ornareFusce.org|Jan 17, 1991|1575912560|true
773|Eliana|Valencia|montes@CurabiturmassaVestibulum.net|Jun 27, 1969|1541419313|false
774|Kitra|Norman|semper.dui.lectus@DonecegestasDuis.edu|Aug 22, 1961|1556801630|true
775|Aaron|Cline|montes.nascetur.ridiculus@ultricesaauctor.co.uk|Apr 18, 1989|1537145952|true
776|Andrew|Sharpe|eget@nullaCras.edu|Oct 15, 1989|1551608155|true
777|Hamilton|Adkins|tincidunt.pede@arcu.org|May 17, 1990|1593561407|false
778|Jasmine|Fry|arcu.Aliquam@augue.edu|Aug 10, 1974|1543514988|true
779|Heidi|Hansen|tellus.lorem.eu@IntegerurnaVivamus.edu|Oct 27, 1981|1601075659|true
780|Deanna|Watkins|cursus.non.egestas@lectus.edu|Sep 25, 1960|1572126155|false
781|Ruby|Blackwell|laoreet.ipsum@fermentummetus.com|Apr 12, 1973|1557624433|false
782|Wilma|Marks|Integer.id.magna@Phasellusliberomauris.net|Jan 23, 1993|1571930202|false
783|Ivy|Bolton|nulla@lobortisauguescelerisque.edu|Dec 22, 1972|1566644788|true
784|Gage|Bennett|convallis@nuncsed.edu|Apr 18, 1979|1563664820|false
785|Chava|Lancaster|Integer.tincidunt.aliquam@ornareIn.org|Dec 15, 1960|1563335289|false
786|Ariel|Farmer|malesuada.augue@urnaetarcu.ca|Dec 22, 1967|1529381750|false
787|Quintessa|Key|malesuada.ut@sapienimperdietornare.org|Nov 4, 1984|1583521820|false
788|Simon|Chase|cursus.et.eros@indolorFusce.edu|Dec 12, 1960|1544970391|true
789|Hakeem|Burt|accumsan@Sed.ca|Aug 1, 1995|1609292358|true
790|Orlando|Horton|lorem.semper.auctor@Nullam.edu|Jan 20, 1971|1561340316|false
791|David|Moses|In.ornare.sagittis@aliquet.com|Jun 8, 1999|1594106714|false
792|Iliana|Garza|mattis.Integer.eu@elitCurabitursed.co.uk|Dec 25, 1966|1542315569|true
793|Nehru|Santana|dui.nec@ametluctus.ca|Sep 21, 1963|1602076791|false
794|Gary|Reese|Nam.interdum@acipsumPhasellus.edu|Sep 29, 1990|1614161709|false
795|Moses|Burris|Aliquam.ultrices.iaculis@parturientmontes.ca|Jul 1, 1975|1577991808|true
796|Maile|Tyson|auctor.odio@etrutrum.net|Oct 25, 1966|1590602348|false
797|Kareem|Waters|ante.iaculis@duiCumsociis.org|Sep 27, 1997|1540896465|true
798|Gisela|Gillespie|nunc.sed.pede@tacitisociosquad.co.uk|Oct 22, 1999|1607223977|true
799|Deacon|Erickson|cursus.Nunc@idmollisnec.co.uk|May 3, 1997|1570315544|false
800|Dalton|Hancock|risus.Quisque@dolortempusnon.ca|Jan 13, 1966|1601769704|true
801|Destiny|Ruiz|rutrum.urna.nec@odioauctor.co.uk|Apr 1, 1994|1610197389|true
802|Kirby|Weber|ut.pharetra.sed@nonlobortis.org|Apr 7, 1963|1602768389|false
803|Alvin|Mayer|In@turpis.org|Jun 2, 1961|1594629792|false
804|Zachery|Barton|arcu.Curabitur@dolorsit.com|Jul 31, 1969|1587356244|false
805|Samuel|Bishop|cursus@SuspendisseeleifendCras.org|Dec 16, 1990|1520780445|false
806|Zahir|Oliver|et@atvelit.org|May 11, 1999|1583134925|true
807|Blake|Witt|pede.Nunc@nonfeugiatnec.net|Jul 27, 1976|1517626611|false
808|Edan|Levy|ac.mattis@egetvolutpatornare.net|Oct 5, 2002|1595783271|true
809|Orlando|Austin|dolor@loremDonec.com|Feb 19, 1978|1533968875|true
810|Lawrence|Hammond|Curabitur@elementumat.com|Feb 11, 2001|1582210730|true
811|Tyler|Harvey|lacus@augueSedmolestie.org|Mar 26, 1979|1606751754|true
812|Cain|Stafford|scelerisque@a.co.uk|Jan 20, 1983|1539656026|false
813|Whilemina|Beach|scelerisque@facilisisnonbibendum.edu|Mar 8, 1977|1600717820|false
814|Cassidy|Coffey|posuere.vulputate.lacus@risusatfringilla.com|Mar 27, 1982|1569663694|false
815|McKenzie|Allison|Donec.est.mauris@scelerisque.co.uk|Jun 1, 1983|1599478526|true
816|Sybil|Sweeney|malesuada@Sednulla.ca|Nov 7, 1985|1560198592|false
817|Timothy|Guerrero|odio@loremeumetus.org|Apr 23, 1971|1596997907|true
818|Tad|Beard|quis@tristiqueaceleifend.co.uk|Jun 27, 1988|1560575385|false
819|Merritt|Elliott|pede@inceptos.ca|Mar 28, 1985|1557269119|true
820|Keane|Howard|dui.nec.tempus@acturpisegestas.com|Sep 30, 1974|1551222936|true
821|Kelsie|Acevedo|lorem.ipsum@accumsan.co.uk|Oct 10, 1994|1579955070|false
822|Lenore|Bray|venenatis@Vivamus.org|May 6, 1970|1551051516|false
823|Kareem|Mcdowell|dapibus.ligula@vitae.net|Dec 8, 1972|1545057728|true
824|Dieter|Burks|vitae@dictum.net|Jan 18, 1993|1571792195|false
825|Baxter|Tyler|turpis.egestas@arcuMorbi.co.uk|Aug 23, 1983|1530293747|true
826|Dakota|Lindsey|tellus.Aenean.egestas@aceleifendvitae.com|Dec 17, 1972|1565736915|false
827|Bryar|Kirk|vel@massalobortisultrices.edu|Jun 25, 1980|1592764085|false
828|Philip|Galloway|in.cursus.et@Nulla.org|Apr 14, 2001|1549455207|true
829|Beau|Farmer|feugiat.placerat@felisDonec.org|May 16, 1987|1571198610|false
830|Grace|Aguilar|Duis.risus.odio@nonarcuVivamus.org|May 19, 1996|1610171394|false
831|Avram|Gibson|Curabitur@acfacilisis.net|Nov 2, 1982|1563044118|true
832|Cooper|Mccullough|et.rutrum.non@blanditat.org|Jul 7, 1975|1611735291|true
833|Dalton|Yates|sit.amet@quamPellentesquehabitant.ca|Mar 17, 1982|1518137146|true
834|Eugenia|Berger|cursus.a@Pellentesqueutipsum.net|Feb 26, 2000|1558154127|false
835|Savannah|Wynn|vitae.sodales.at@Aliquamtinciduntnunc.edu|Jun 5, 1973|1593586017|true
836|Ursula|Cohen|ullamcorper.velit@sollicitudinadipiscing.co.uk|Jul 4, 1988|1529625746|true
837|Sheila|Rollins|malesuada.fames.ac@arcuSedeu.co.uk|Jul 15, 1994|1571219939|false
838|Yoshio|Calderon|dui.augue@quis.org|Jul 18, 1970|1596089355|false
839|Brianna|Mccray|orci.in.consequat@fringillacursus.org|Apr 9, 1999|1551211599|true
840|Joy|Walsh|pede.Nunc@maurisblandit.com|Apr 13, 1976|1567878740|true
841|Barry|Mcintosh|eu.neque.pellentesque@Cras.ca|Dec 20, 1963|1571371518|false
842|Alisa|Pickett|iaculis.lacus.pede@loremvitae.com|Oct 17, 1988|1561344219|false
843|Clayton|Henry|dignissim@ullamcorperviverra.ca|Aug 23, 1995|1594301250|false
844|Marsden|Barrett|lobortis.quam.a@inconsequatenim.ca|Aug 13, 1973|1565190843|false
845|Simon|Zimmerman|consectetuer@idmagnaet.ca|May 25, 1987|1559584844|false
846|Hall|Barr|pellentesque@sollicitudin.net|Aug 5, 1978|1569051243|true
847|Finn|Aguilar|elit@nibhdolornonummy.net|Nov 21, 1988|1589807315|false
848|Bo|Johns|feugiat@Maecenas.com|Apr 24, 1991|1596852583|false
849|Brandon|Sanchez|vitae@malesuadavelvenenatis.net|Oct 28, 1982|1523449692|true
850|Carla|Dejesus|aliquet@euismodenim.net|Jan 28, 2002|1567300269|false
851|Wynne|Beasley|eu@vitaenibh.co.uk|Mar 13, 1973|1529938406|false
852|Bell|Atkinson|arcu.Vestibulum.ante@quama.ca|Nov 26, 1976|1546806768|true
853|Margaret|Banks|mattis.semper.dui@pulvinararcuet.edu|Jun 30, 1999|1612429054|false
854|Jeanette|Bell|ligula@sedtortor.co.uk|Aug 26, 1961|1571664615|false
855|Brenden|Grant|ridiculus@sitametrisus.edu|May 29, 1968|1564491129|false
856|Prescott|Mason|enim@nislelementumpurus.ca|Oct 13, 1988|1521398009|true
857|Hannah|Delacruz|neque@dolor.com|Jul 31, 1999|1533979198|false
858|Athena|Yates|Quisque@arcu.com|Jul 4, 1962|1585026973|true
859|Naomi|Frank|eget@consectetuereuismodest.org|Jul 5, 1966|1582950321|false
860|Blossom|Clemons|porttitor.eros@consectetueradipiscing.co.uk|May 19, 1998|1574837878|false
861|Tatum|Wolf|libero.Morbi@Class.org|Sep 18, 1969|1610262413|true
862|Ria|Head|convallis.in.cursus@sociis.edu|Dec 24, 1997|1547065963|false
863|Lara|Howe|tempor.arcu.Vestibulum@quam.ca|Mar 6, 1961|1544345696|true
864|Sheila|Holloway|euismod@Suspendisse.co.uk|Sep 2, 1975|1534655224|true
865|Indigo|Mcknight|magna.et@felis.com|Apr 29, 1990|1591091850|false
866|Neville|Sheppard|amet@nasceturridiculusmus.ca|May 7, 1993|1586450643|false
867|Alvin|Reilly|venenatis.a.magna@orci.co.uk|Apr 18, 1990|1605352352|true
868|Addison|Mercer|dis.parturient@aliquamiaculislacus.org|Sep 2, 1971|1533159547|false
869|Dakota|Thomas|cursus.purus.Nullam@Nullamfeugiat.net|Sep 25, 1968|1562521069|true
870|TaShya|Brooks|Praesent.eu@fringilla.co.uk|Apr 24, 1988|1594294017|false
871|Blossom|Jacobson|augue@idsapienCras.com|Jun 29, 1985|1585853987|false
872|Unity|Best|massa.rutrum.magna@Duis.com|Feb 1, 1963|1574612522|false
873|Ariana|Hopper|nec.euismod.in@semperrutrum.com|Aug 11, 1983|1613974008|true
874|Denton|Sullivan|tellus.lorem.eu@arcuvelquam.edu|Jun 25, 1996|1541240063|false
875|Bernard|Farmer|est@eu.com|Feb 22, 1998|1560640874|false
876|Sydney|Briggs|Ut@sem.edu|Sep 12, 1967|1598499251|true
877|Kameko|Fox|lorem@pharetranibhAliquam.org|Jul 14, 2002|1604173974|true
878|Rudyard|Harvey|laoreet.libero@etipsum.net|Jul 19, 1995|1519006612|true
879|Justin|Mcconnell|ultrices.Vivamus.rhoncus@egestas.edu|Aug 22, 1995|1580226904|true
880|Zachery|Farmer|laoreet@molestie.net|May 24, 1990|1577261547|true
881|Howard|Mckenzie|lorem@aliquameros.net|Jun 20, 1971|1559678845|true
882|Hillary|Michael|nulla.Integer@idmagna.org|Apr 6, 1995|1574502630|false
883|Clare|Carter|mus.Aenean@nonfeugiatnec.ca|Jan 12, 1971|1575598715|true
884|Amy|Taylor|dapibus.id@Aliquamtinciduntnunc.net|Sep 24, 1960|1537847357|false
885|Carol|Wynn|a.dui.Cras@variuset.ca|Dec 30, 1969|1533973707|true
886|Evan|Haynes|libero@rhoncus.net|Jun 29, 1984|1530058870|true
887|Carissa|Brewer|at.nisi@interdum.co.uk|Sep 16, 2000|1530513156|true
888|Delilah|Morin|adipiscing.elit@egestasligulaNullam.org|Jun 15, 1970|1551743282|false
889|Yuli|Warner|malesuada.fames@sitametmetus.org|Apr 26, 1988|1556852501|true
890|Prescott|Gordon|nibh.Aliquam@orci.ca|Mar 20, 1967|1585167140|false
891|Tad|Bailey|Vivamus.sit.amet@idblanditat.co.uk|Jul 31, 1994|1578847916|false
892|Vivian|Ratliff|lorem.auctor@nonvestibulum.ca|Mar 19, 1986|1563818328|true
893|George|Farley|dolor.quam@massaSuspendisseeleifend.net|Oct 28, 1991|1548427693|false
894|Barrett|Downs|Fusce@euismod.org|Sep 11, 1989|1554878320|true
895|Jayme|Cooley|Fusce@musAenean.org|Jun 16, 1966|1600917457|true
896|Jena|Page|egestas.Aliquam.nec@Aliquameratvolutpat.org|Aug 14, 1972|1547220151|true
897|Wayne|Sandoval|mollis@semperpretiumneque.com|Dec 28, 2002|1574117262|false
898|Tanner|Avery|sodales@Aeneaneget.edu|Oct 1, 2002|1592571992|true
899|Hu|Barnett|est@erosNam.ca|Apr 26, 1984|1573589665|false
900|Daryl|Strong|Etiam.gravida@nullaCraseu.org|May 23, 1987|1583504577|false
901|Debra|Buchanan|lorem.fringilla@nectempus.org|Jul 30, 1988|1541674135|true
902|Kay|Curry|Nulla.dignissim@dignissim.ca|Sep 1, 1979|1561888517|true
903|Christian|Dominguez|feugiat.tellus.lorem@Duiselementum.com|Dec 19, 1985|1558081601|true
904|Randall|Miller|rhoncus.Proin.nisl@mauris.com|Nov 27, 1990|1546211131|true
905|Price|Slater|ornare.egestas.ligula@AliquamnislNulla.com|Apr 16, 2001|1535173954|true
906|Stephen|Pearson|varius.orci@risus.co.uk|Aug 10, 1991|1576791023|false
907|William|Maxwell|urna.et.arcu@egestasFusce.ca|Apr 23, 1977|1610026218|false
908|Vaughan|Sargent|risus@orci.org|Oct 30, 1974|1587684269|false
909|Abbot|Wells|dui.Fusce.aliquam@magnaSed.org|Jun 30, 1980|1540871323|true
910|Curran|Richard|purus.Duis.elementum@perinceptos.edu|Feb 3, 1989|1536121656|true
911|Magee|Boone|tristique.pellentesque@purussapien.ca|Jun 26, 1961|1581218883|false
912|Fatima|Simmons|at.egestas@elitelitfermentum.com|Aug 28, 1995|1535809722|false
913|Vincent|Mills|massa@urnaNunc.ca|Dec 30, 2002|1567353649|true
914|Leigh|Chase|at.sem@velitinaliquet.org|May 23, 1968|1590300833|false
915|Forrest|Williams|Sed.congue@urna.net|Jul 23, 1978|1518329266|true
916|Isaac|Hoover|Sed@asollicitudinorci.org|Jan 7, 1966|1544744438|true
917|Jane|Scott|non.magna.Nam@sem.com|Jun 5, 1994|1527961139|true
918|Ulysses|Camacho|Nulla.eget.metus@sociosqu.ca|Sep 7, 1987|1607547318|true
919|Elliott|Mercado|ultricies@egestasascelerisque.net|Jan 19, 1988|1547680117|false
920|Wynne|Franco|rutrum@primisinfaucibus.com|Oct 4, 1960|1543881241|false
921|Risa|Nixon|montes.nascetur@liberoatauctor.co.uk|Jul 6, 1996|1610466578|false
922|Zorita|Gould|tellus.imperdiet@ipsumSuspendissesagittis.com|Oct 21, 2001|1521551859|false
923|Mannix|Watson|auctor@interdumlibero.co.uk|May 13, 1989|1585533530|false
924|Travis|Rogers|risus@elementum.com|Feb 29, 1988|1579433523|false
925|Arthur|Gallegos|sit.amet.dapibus@Morbiaccumsan.com|Jul 23, 1994|1528276140|false
926|Maia|Powers|neque@congueIn.com|Feb 17, 1987|1570210778|false
927|Jordan|Emerson|justo.nec.ante@nonummyultriciesornare.ca|Mar 21, 1970|1549299287|true
928|Asher|Blair|nunc@variuseteuismod.org|Feb 19, 1960|1562627211|false
929|Sybil|Dudley|magna@idnuncinterdum.com|May 6, 1974|1536890869|false
930|Vivien|Fuller|convallis@enim.com|Mar 19, 1989|1522773415|false
931|Seth|Hays|eleifend@portaelit.edu|Nov 21, 1979|1545094806|true
932|Mechelle|Patton|enim@faucibusleo.edu|Nov 26, 1964|1571003544|false
933|Seth|Travis|pede.ac@lorem.net|Oct 13, 1962|1544051359|false
934|Alan|Vincent|feugiat.tellus@a.ca|Feb 17, 1960|1523158920|true
935|Kylynn|Riddle|nisi@vulputateveliteu.net|Jul 4, 1985|1571951631|false
936|Basil|Henry|In@auctornonfeugiat.net|Sep 18, 1976|1571400241|true
937|Mari|Cunningham|nisl@Namligulaelit.org|Jan 14, 1978|1585350964|true
938|Cody|Goodman|eu@Cras.com|Jul 17, 1996|1607085141|true
939|Hedy|Monroe|libero@duilectusrutrum.ca|Aug 2, 1992|1608060598|true
940|Russell|Matthews|iaculis@adipiscingelitCurabitur.ca|Aug 27, 1977|1541281730|true
941|Francis|Carney|pede.ultrices.a@vestibulumMauris.com|Oct 31, 1982|1597644858|false
942|Jaden|Stein|elit.Nulla.facilisi@Integerid.net|Apr 5, 1962|1586986603|false
943|Felix|Oneill|interdum@viverraDonec.co.uk|May 23, 1984|1555504640|true
944|Gwendolyn|Valenzuela|neque.pellentesque@tristiqueac.co.uk|Aug 7, 1966|1559472995|true
945|Tyler|Lawson|elit.erat.vitae@velit.co.uk|May 2, 1995|1580854480|true
946|Lane|Shields|non@tellus.com|Jan 28, 1989|1569872809|true
947|Arden|Richards|luctus.et.ultrices@Etiambibendum.net|Feb 26, 1972|1565065793|true
948|Malcolm|Irwin|Proin@elitEtiamlaoreet.co.uk|Jun 6, 1972|1599808188|true
949|Kareem|Fowler|Morbi.sit@iaculisenim.co.uk|Mar 6, 1985|1561216879|true
950|Norman|Maxwell|nunc.id.enim@massa.net|Sep 27, 1991|1559780180|false
951|Hiram|Bradford|Nullam.scelerisque.neque@Etiamligulatortor.co.uk|Jul 15, 1998|1542654738|false
952|Burke|Pittman|faucibus.leo@elit.net|Dec 1, 1963|1548330367|false
953|Sopoline|Weber|mattis@dui.com|May 18, 1994|1584018477|true
954|Cheryl|Elliott|elit@tempusnon.edu|Feb 21, 1988|1573922544|true
955|Fritz|Sandoval|sem.molestie@eget.com|Aug 4, 1982|1525285749|true
956|Quin|Townsend|est.Nunc@orciin.ca|Jun 8, 1990|1542846654|false
957|Juliet|Logan|sem.ut.cursus@penatibusetmagnis.net|Sep 3, 1982|1559230055|false
958|Isaiah|Brady|purus@mollis.org|Oct 29, 1981|1560912977|true
959|Cedric|Salas|Ut.nec@amet.org|Apr 13, 1983|1581631294|true
960|Kaitlin|Simpson|rutrum.non@quispede.com|Dec 11, 1960|1600080476|false
961|Elvis|Roach|nec.tellus.Nunc@dapibusgravidaAliquam.com|Nov 18, 1962|1543400295|false
962|Petra|Washington|in@odio.co.uk|Jun 24, 1998|1549539167|true
963|Donna|Cross|metus@malesuada.org|Nov 20, 1973|1587014339|false
964|Prescott|Randall|eget.lacus.Mauris@Nam.org|Dec 30, 1983|1558280076|true
965|Daniel|Hudson|vestibulum.lorem@Ut.ca|Apr 28, 1973|1599495850|true
966|Camille|Mcdonald|erat@cubiliaCurae.edu|Mar 23, 1975|1532283253|false
967|Fredericka|Pace|lacinia.at@Mauris.org|Mar 30, 1990|1552242300|false
968|Nina|Gay|odio@cursus.ca|May 18, 1964|1556260113|false
969|Odysseus|Gilbert|tincidunt@atlibero.com|Jul 17, 1976|1518418796|true
970|Marny|Shepard|Cras@blandit.org|Nov 24, 1970|1551050100|false
971|Rashad|Doyle|eros.nec@loremvitae.org|Mar 5, 1985|1557776347|false
972|Maia|Conner|Cras@tristiquepellentesquetellus.org|Aug 6, 1963|1594457990|true
973|Zahir|Ramsey|lorem@risusDuis.net|Jun 8, 1982|1539432224|true
974|Clarke|Blake|cursus.et.eros@lectuspede.org|Mar 11, 2001|1525075204|true
975|Yuri|Atkinson|pede.Nunc.sed@nulla.com|Mar 6, 1977|1578511775|true
976|Mari|Foreman|id@eratneque.edu|Apr 16, 2001|1586663595|false
977|Chase|Savage|augue.scelerisque.mollis@odiotristique.com|Jan 21, 1972|1613299761|true
978|Chancellor|May|Nunc@senectus.org|Jan 3, 1991|1578806066|false
979|Richard|Gonzales|nascetur.ridiculus@molestieSedid.ca|Sep 12, 1980|1569733256|true
980|Price|Townsend|feugiat.Lorem.ipsum@nisi.ca|Apr 26, 1968|1602020654|false
981|Colby|Mendez|auctor@loremluctusut.com|Nov 9, 1969|1524582657|true
982|Elton|Thornton|sed.turpis@mauris.com|Feb 16, 1976|1598076643|true
983|Perry|Ramsey|nulla.Donec.non@nullaIntincidunt.org|Mar 31, 1980|1531772803|false
984|Merrill|Velazquez|orci.Phasellus@massaQuisqueporttitor.ca|May 25, 1985|1602627587|false
985|Florence|William|tortor.Integer@sedtortorInteger.co.uk|Sep 10, 1967|1524802715|false
986|Carlos|Warren|Integer.urna.Vivamus@Praesenteu.co.uk|Oct 3, 1996|1554401342|false
987|Ima|Dudley|malesuada.fringilla.est@velit.com|Jul 1, 1970|1534082242|true
988|Nayda|David|arcu.Sed.et@arcuvel.com|Dec 20, 1967|1525059456|true
989|Clementine|Pollard|Cras.eget.nisi@lorem.edu|Jun 26, 1991|1518538376|false
990|Mohammad|Warner|velit@aliquam.com|Feb 22, 2001|1609883855|false
991|Lamar|Austin|Mauris.non.dui@velit.org|Jul 2, 1964|1610762923|true
992|Halee|Mathis|ornare.lectus.justo@vehiculaPellentesque.com|Jul 29, 1978|1556157650|false
993|Allegra|Craft|sapien@nonummy.com|Oct 26, 1980|1552394233|false
994|Pamela|Winters|eu@nislelementum.co.uk|Nov 4, 2002|1529482638|true
995|Mallory|Bird|est@vulputaterisus.net|Dec 20, 2000|1583595509|true
996|Glenna|Emerson|ut@aodiosemper.co.uk|Aug 21, 1995|1573429261|true
997|Mohammad|Trevino|et@leoCrasvehicula.net|Jun 15, 1977|1532095057|true
998|Winter|Watkins|tristique@NulladignissimMaecenas.com|Aug 4, 1996|1585955267|true
999|Clinton|Simpson|a.scelerisque@facilisis.net|Jan 8, 2001|1560614302|true
1000|Carolyn|Guy|mauris@magna.com|Jun 2, 1983|1548030653|false