Cara,Martinez,Cum@ProinultricesDuis.edu,08/31/2019,Spain
Graiden,Myers,nec@orciquislectus.ca,05/17/2020,United States
Eagan,Whitley,odio.sagittis@fermentummetus.org,02/06/2020,United States
September,Jacobs,massa.non.ante@molestietortornibh.com,12/10/2019,United States
Brennan,Gates,et.lacinia.vitae@turpisAliquamadipiscing.net,01/03/2020,France
Constance,Puckett,egestas.urna.justo@fringillaDonecfeugiat.ca,11/27/2019,Portugal
Hyacinth,Berger,eu@magnaPraesent.co.uk,07/12/2019,Canada
Forrest,Fields,ante@urnaVivamusmolestie.co.uk,06/14/2020,Australia
Suki,Waller,Suspendisse@lorem.org,01/18/2020,United Kingdom
Abbot,Long,Nullam@Sedid.ca,02/06/2020,United States
Samantha,Buck,euismod.est.arcu@malesuada.net,08/10/2019,United States
Patricia,Lopez,gravida.Aliquam@turpisegestasFusce.com,10/17/2019,United States
Zorita,Sanders,sit.amet@interdumCurabitur.edu,03/24/2020,United States
Kennedy,Golden,mus@nonummy.ca,09/18/2019,Brazil
Zephania,Mccarty,quis.pede.Praesent@tellusnon.co.uk,09/21/2019,United Kingdom
Aristotle,Kirby,mattis.ornare@venenatisa.edu,06/20/2019,United States
Avram,Gibson,porttitor.tellus@Suspendissenon.ca,09/23/2019,Canada
Lev,Dennis,non@tellusfaucibus.com,04/06/2020,Germany
Giacomo,Dalton,amet.diam@nondapibusrutrum.org,02/07/2020,Japan
Allistair,Nelson,neque.venenatis.lacus@sitamet.ca,03/11/2020,China
Martina,Mckenzie,nunc@bibendum.net,05/19/2020,United States
Quentin,Harris,eget@faucibusorciluctus.net,05/18/2020,China
Hilel,Cortez,nunc@ullamcorpermagna.ca,10/26/2019,United States
Frances,Merrill,mollis@lacuspedesagittis.co.uk,09/05/2019,United States
Lawrence,Mayer,quis@semper.com,12/20/2019,Italy
Angelica,Valentine,Pellentesque.habitant@dolor.edu,09/11/2019,United States
Melinda,Stevenson,Curabitur@consequatenimdiam.co.uk,07/29/2019,Russia
Nevada,Cummings,Proin.nisl@Integervitae.ca,02/21/2020,United States
Urielle,Burt,eros.Proin@egestas.net,08/16/2019,Greece
Lacey,Diaz,vitae.velit.egestas@Sed.net,06/17/2019,United States
Anthony,Conley,metus@ut.com,11/23/2019,United States
Brody,Ewing,Suspendisse@enimnisl.org,04/11/2020,South Africa
Beau,Torres,non@Curabitur.com,04/18/2020,Israel
Cadman,Garza,egestas.hendrerit.neque@malesuada.edu,01/22/2020,Mexico
Mason,Vance,convallis@feugiatnec.edu,03/25/2020,United States
Nathaniel,Martinez,Aliquam@nulla.edu,12/06/2019,Belgium
Herrod,Foster,enim@Nullam.org,08/16/2019,United States
Chantale,Raymond,parturient.montes.nascetur@magnaatortor.org,06/18/2020,Argentina
Risa,Hunt,Cras.pellentesque.Sed@nonegestasa.ca,08/04/2019,New Zealand
Lillith,Dejesus,sagittis.Duis.gravida@semPellentesque.net,09/11/2019,United States
Derek,Day,semper.auctor@dignissim.net,09/24/2019,New Zealand
Rina,Robertson,ligula.elit.pretium@adipiscingnonluctus.edu,03/28/2020,Singapore
Keegan,Brown,Cum@acmattisornare.com,12/30/2019,United States
Lev,Bullock,parturient.montes.nascetur@etmalesuadafames.net,12/01/2019,Malaysia
Jada,Morrison,Nunc.ut.erat@Donecsollicitudinadipiscing.ca,12/14/2019,Switzerland
April,Mcmillan,egestas.a@pede.net,03/17/2020,United States
Madonna,Sellers,justo.Praesent.luctus@tellusfaucibusleo.ca,09/17/2019,Canada
Wing,Newton,enim@scelerisque.net,12/30/2019,Spain
Lillith,Riddle,nec.ante@mollisnec.net,01/26/2020,Belgium
Evelyn,Lowery,orci@eget.co.uk,01/12/2020,Australia
Cade,Rodriguez,in.hendrerit.consectetuer@aliquetmetus.org,03/12/2020,India
Nell,Mckinney,lorem.eget.mollis@pedemalesuadavel.edu,01/23/2020,Vietnam
Farrah,Lindsay,taciti@arcuSed.org,12/21/2019,Brazil
Xantha,Mills,elit.fermentum@metus.edu,04/16/2020,Chile
Belle,Hull,varius.ultrices@liberonecligula.ca,03/12/2020,Colombia
Gillian,Hebert,Aliquam.gravida@penatibuset.ca,12/21/2019,United States
Xenos,Larson,semper.Nam@cubiliaCuraePhasellus.org,01/11/2020,United Kingdom
Sydnee,Mathews,Donec.nibh@dapibusgravida.org,03/20/2020,Germany
Zeus,Morrison,lorem@faucibusid.ca,08/04/2019,Italy
Wang,Hendricks,magna.et.ipsum@ornarelectusjusto.org,04/24/2020,United States
Xena,Witt,fames.ac@ante.net,11/22/2019,Russia
Zia,Cabrera,diam@nisi.ca,06/18/2019,Greece
Faith,Hale,nisl@liberoInteger.co.uk,10/02/2019,Israel
Knox,Dean,ultricies@aliquameuaccumsan.com,07/23/2019,New Zealand
Brenden,Dalton,ut@nislelementum.org,12/18/2019,Italy
Ishmael,Lambert,Nulla.eget@consequatpurusMaecenas.edu,07/24/2019,Netherlands
Leslie,Christian,Sed.congue@diamPellentesquehabitant.co.uk,05/03/2020,Ireland
Gail,Vance,Mauris@egestas.ca,11/20/2019,Greece
Athena,Berger,tempus.mauris.erat@semmagnanec.net,03/20/2020,Sweden
Jorden,Dickson,tempor.bibendum.Donec@ultriciessem.ca,02/29/2020,Turkey
Jane,Palmer,ornare.lectus@est.net,09/17/2019,Norway
Brett,Mccarthy,blandit@orciluctus.com,02/08/2020,United States
Xyla,Miller,lobortis@aultricies.edu,01/10/2020,Belgium
Moses,Schultz,Proin.vel.nisl@tincidunt.edu,06/20/2019,Chile
Brenna,Spears,egestas.lacinia.Sed@diameudolor.net,01/05/2020,South Korea
Yoshio,Odonnell,tincidunt.dui.augue@sedpede.org,01/27/2020,Japan
Otto,Estrada,rhoncus.Donec@vitaemauris.org,08/13/2019,Indonesia
Blaine,Sutton,nec@hymenaeosMauris.com,02/08/2020,Philippines
Shaine,Schwartz,Sed.eget.lacus@euodiotristique.ca,08/21/2019,United States
Phoebe,Hahn,nec.eleifend@ipsum.ca,09/03/2019,South Africa
Felix,Simpson,vulputate.lacus.Cras@molestiepharetranibh.net,06/06/2019,Singapore
Palmer,Moody,risus@aliquam.com,06/11/2020,Qatar
Hyatt,Cardenas,dictum@dolorsit.net,06/01/2020,Qatar
Basia,Ballard,vehicula.aliquet@Phasellus.co.uk,08/06/2019,United Arab Emirates
Rina,Henson,adipiscing.elit@lorem.com,10/06/2019,United Kingdom
Kieran,Sanders,aliquam.eu@placeratorcilacus.edu,06/21/2019,Ireland
Rama,Puckett,eget.ipsum.Donec@Nuncsollicitudincommodo.org,09/15/2019,Spain
Donovan,Guy,nulla.magna.malesuada@loremsemperauctor.org,02/22/2020,Chile
Blair,Hughes,cursus.purus.Nullam@eu.com,06/29/2019,Canada
Jermaine,Zamora,Sed.auctor@dictum.org,10/09/2019,Italy
Fritz,Atkinson,nascetur.ridiculus@dignissim.ca,06/17/2019,United States
Jin,Barr,ante.dictum@gravidaAliquamtincidunt.edu,05/03/2020,United States
Jessica,Cooper,sit.amet@lorem.ca,02/11/2020,United States
Chase,Velazquez,Cras.eget@euismodurna.edu,04/16/2020,China
Jorden,Lancaster,nec@scelerisquemollisPhasellus.ca,01/11/2020,Russia
Garrett,Mendez,eu.augue@turpisvitaepurus.org,07/12/2019,Germany
Colton,Campos,ut.molestie@hendreritaarcu.edu,07/19/2019,Switzerland
Vanna,Mason,lobortis@eget.com,08/22/2019,Luxembourg
Cyrus,Morse,dolor@molestiepharetra.com,03/09/2020,Denmark
Belle,Melendez,netus@consectetuer.org,10/19/2019,Denmark